paper_key,doi,title,source_api,client,client_label,attempt_order,status,elapsed_ms,is_error
doi:10.1016/j.biochi.2022.07.019,10.1016/j.biochi.2022.07.019,Structure and function of prodrug-activating peptidases.,europe_pmc,elsevier,Elsevier,1,success,1110.0,False
doi:10.1016/j.biochi.2022.07.019,10.1016/j.biochi.2022.07.019,Structure and function of prodrug-activating peptidases.,europe_pmc,europe_pmc,Europe PMC,2,not_attempted_after_success,,
doi:10.1016/j.biochi.2022.07.019,10.1016/j.biochi.2022.07.019,Structure and function of prodrug-activating peptidases.,europe_pmc,pmc,PMC,3,not_attempted_after_success,,
doi:10.1016/j.biochi.2022.07.019,10.1016/j.biochi.2022.07.019,Structure and function of prodrug-activating peptidases.,europe_pmc,semantic_scholar,Semantic Scholar,4,not_attempted_after_success,,
doi:10.1016/j.biochi.2022.07.019,10.1016/j.biochi.2022.07.019,Structure and function of prodrug-activating peptidases.,europe_pmc,unpaywall,Unpaywall,5,not_attempted_after_success,,
doi:10.1016/j.biochi.2022.07.019,10.1016/j.biochi.2022.07.019,Structure and function of prodrug-activating peptidases.,europe_pmc,openalex,OpenAlex,6,not_attempted_after_success,,
doi:10.7554/elife.84669,10.7554/elife.84669,Structure-function analysis of Lactiplantibacillus plantarum DltE reveals D-alanylated lipoteichoic acids as direct cues supporting Drosophila juvenile growth.,europe_pmc,elsevier,Elsevier,1,attempted_before_success_unlogged,,
doi:10.7554/elife.84669,10.7554/elife.84669,Structure-function analysis of Lactiplantibacillus plantarum DltE reveals D-alanylated lipoteichoic acids as direct cues supporting Drosophila juvenile growth.,europe_pmc,europe_pmc,Europe PMC,2,success,859.0,False
doi:10.7554/elife.84669,10.7554/elife.84669,Structure-function analysis of Lactiplantibacillus plantarum DltE reveals D-alanylated lipoteichoic acids as direct cues supporting Drosophila juvenile growth.,europe_pmc,pmc,PMC,3,not_attempted_after_success,,
doi:10.7554/elife.84669,10.7554/elife.84669,Structure-function analysis of Lactiplantibacillus plantarum DltE reveals D-alanylated lipoteichoic acids as direct cues supporting Drosophila juvenile growth.,europe_pmc,semantic_scholar,Semantic Scholar,4,not_attempted_after_success,,
doi:10.7554/elife.84669,10.7554/elife.84669,Structure-function analysis of Lactiplantibacillus plantarum DltE reveals D-alanylated lipoteichoic acids as direct cues supporting Drosophila juvenile growth.,europe_pmc,unpaywall,Unpaywall,5,not_attempted_after_success,,
doi:10.7554/elife.84669,10.7554/elife.84669,Structure-function analysis of Lactiplantibacillus plantarum DltE reveals D-alanylated lipoteichoic acids as direct cues supporting Drosophila juvenile growth.,europe_pmc,openalex,OpenAlex,6,not_attempted_after_success,,
doi:10.1038/s41589-022-01142-z,10.1038/s41589-022-01142-z,Structural basis of colibactin activation by the ClbP peptidase.,europe_pmc,elsevier,Elsevier,1,attempted_before_success_unlogged,,
doi:10.1038/s41589-022-01142-z,10.1038/s41589-022-01142-z,Structural basis of colibactin activation by the ClbP peptidase.,europe_pmc,europe_pmc,Europe PMC,2,success,828.0,False
doi:10.1038/s41589-022-01142-z,10.1038/s41589-022-01142-z,Structural basis of colibactin activation by the ClbP peptidase.,europe_pmc,pmc,PMC,3,not_attempted_after_success,,
doi:10.1038/s41589-022-01142-z,10.1038/s41589-022-01142-z,Structural basis of colibactin activation by the ClbP peptidase.,europe_pmc,semantic_scholar,Semantic Scholar,4,not_attempted_after_success,,
doi:10.1038/s41589-022-01142-z,10.1038/s41589-022-01142-z,Structural basis of colibactin activation by the ClbP peptidase.,europe_pmc,unpaywall,Unpaywall,5,not_attempted_after_success,,
doi:10.1038/s41589-022-01142-z,10.1038/s41589-022-01142-z,Structural basis of colibactin activation by the ClbP peptidase.,europe_pmc,openalex,OpenAlex,6,not_attempted_after_success,,
doi:10.1002/pro.3214,10.1002/pro.3214,Can the propensity of protein crystallization be increased by using systematic screening with metals?,semantic_scholar,elsevier,Elsevier,1,attempted_before_success_unlogged,,
doi:10.1002/pro.3214,10.1002/pro.3214,Can the propensity of protein crystallization be increased by using systematic screening with metals?,semantic_scholar,europe_pmc,Europe PMC,2,attempted_before_success_unlogged,,
doi:10.1002/pro.3214,10.1002/pro.3214,Can the propensity of protein crystallization be increased by using systematic screening with metals?,semantic_scholar,pmc,PMC,3,attempted_before_success_unlogged,,
doi:10.1002/pro.3214,10.1002/pro.3214,Can the propensity of protein crystallization be increased by using systematic screening with metals?,semantic_scholar,semantic_scholar,Semantic Scholar,4,attempted_before_success_unlogged,,
doi:10.1002/pro.3214,10.1002/pro.3214,Can the propensity of protein crystallization be increased by using systematic screening with metals?,semantic_scholar,unpaywall,Unpaywall,5,success,15984.0,False
doi:10.1002/pro.3214,10.1002/pro.3214,Can the propensity of protein crystallization be increased by using systematic screening with metals?,semantic_scholar,openalex,OpenAlex,6,not_attempted_after_success,,
doi:10.1016/j.jmb.2019.06.019,10.1016/j.jmb.2019.06.019,"Repurposing an Ancient Protein Core Structure: Structural Studies on FmtA, a Novel Esterase of Staphylococcus aureus.",europe_pmc,elsevier,Elsevier,1,success,1187.0,False
doi:10.1016/j.jmb.2019.06.019,10.1016/j.jmb.2019.06.019,"Repurposing an Ancient Protein Core Structure: Structural Studies on FmtA, a Novel Esterase of Staphylococcus aureus.",europe_pmc,europe_pmc,Europe PMC,2,not_attempted_after_success,,
doi:10.1016/j.jmb.2019.06.019,10.1016/j.jmb.2019.06.019,"Repurposing an Ancient Protein Core Structure: Structural Studies on FmtA, a Novel Esterase of Staphylococcus aureus.",europe_pmc,pmc,PMC,3,not_attempted_after_success,,
doi:10.1016/j.jmb.2019.06.019,10.1016/j.jmb.2019.06.019,"Repurposing an Ancient Protein Core Structure: Structural Studies on FmtA, a Novel Esterase of Staphylococcus aureus.",europe_pmc,semantic_scholar,Semantic Scholar,4,not_attempted_after_success,,
doi:10.1016/j.jmb.2019.06.019,10.1016/j.jmb.2019.06.019,"Repurposing an Ancient Protein Core Structure: Structural Studies on FmtA, a Novel Esterase of Staphylococcus aureus.",europe_pmc,unpaywall,Unpaywall,5,not_attempted_after_success,,
doi:10.1016/j.jmb.2019.06.019,10.1016/j.jmb.2019.06.019,"Repurposing an Ancient Protein Core Structure: Structural Studies on FmtA, a Novel Esterase of Staphylococcus aureus.",europe_pmc,openalex,OpenAlex,6,not_attempted_after_success,,
doi:10.1107/s2053230x13033141,10.1107/S2053230X13033141,Introduction to protein crystallization.,semantic_scholar,elsevier,Elsevier,1,attempted_before_success_unlogged,,
doi:10.1107/s2053230x13033141,10.1107/S2053230X13033141,Introduction to protein crystallization.,semantic_scholar,europe_pmc,Europe PMC,2,attempted_before_success_unlogged,,
doi:10.1107/s2053230x13033141,10.1107/S2053230X13033141,Introduction to protein crystallization.,semantic_scholar,pmc,PMC,3,attempted_before_success_unlogged,,
doi:10.1107/s2053230x13033141,10.1107/S2053230X13033141,Introduction to protein crystallization.,semantic_scholar,semantic_scholar,Semantic Scholar,4,attempted_before_success_unlogged,,
doi:10.1107/s2053230x13033141,10.1107/S2053230X13033141,Introduction to protein crystallization.,semantic_scholar,unpaywall,Unpaywall,5,success,39875.0,False
doi:10.1107/s2053230x13033141,10.1107/S2053230X13033141,Introduction to protein crystallization.,semantic_scholar,openalex,OpenAlex,6,not_attempted_after_success,,
doi:10.1016/j.jmb.2012.09.017,10.1016/j.jmb.2012.09.017,Analysis of Structure–Function Relationships in the Colibactin-Maturating Enzyme ClbP,elsevier,elsevier,Elsevier,1,success,1093.0,False
doi:10.1016/j.jmb.2012.09.017,10.1016/j.jmb.2012.09.017,Analysis of Structure–Function Relationships in the Colibactin-Maturating Enzyme ClbP,elsevier,europe_pmc,Europe PMC,2,not_attempted_after_success,,
doi:10.1016/j.jmb.2012.09.017,10.1016/j.jmb.2012.09.017,Analysis of Structure–Function Relationships in the Colibactin-Maturating Enzyme ClbP,elsevier,pmc,PMC,3,not_attempted_after_success,,
doi:10.1016/j.jmb.2012.09.017,10.1016/j.jmb.2012.09.017,Analysis of Structure–Function Relationships in the Colibactin-Maturating Enzyme ClbP,elsevier,semantic_scholar,Semantic Scholar,4,not_attempted_after_success,,
doi:10.1016/j.jmb.2012.09.017,10.1016/j.jmb.2012.09.017,Analysis of Structure–Function Relationships in the Colibactin-Maturating Enzyme ClbP,elsevier,unpaywall,Unpaywall,5,not_attempted_after_success,,
doi:10.1016/j.jmb.2012.09.017,10.1016/j.jmb.2012.09.017,Analysis of Structure–Function Relationships in the Colibactin-Maturating Enzyme ClbP,elsevier,openalex,OpenAlex,6,not_attempted_after_success,,
doi:10.2210/pdb4gdn/pdb,10.2210/pdb4gdn/pdb,Structure of FmtA-like protein,crossref,elsevier,Elsevier,1,attempted_no_success_unlogged,,
doi:10.2210/pdb4gdn/pdb,10.2210/pdb4gdn/pdb,Structure of FmtA-like protein,crossref,europe_pmc,Europe PMC,2,attempted_no_success_unlogged,,
doi:10.2210/pdb4gdn/pdb,10.2210/pdb4gdn/pdb,Structure of FmtA-like protein,crossref,pmc,PMC,3,attempted_no_success_unlogged,,
doi:10.2210/pdb4gdn/pdb,10.2210/pdb4gdn/pdb,Structure of FmtA-like protein,crossref,semantic_scholar,Semantic Scholar,4,attempted_no_success_unlogged,,
doi:10.2210/pdb4gdn/pdb,10.2210/pdb4gdn/pdb,Structure of FmtA-like protein,crossref,unpaywall,Unpaywall,5,attempted_no_success_unlogged,,
doi:10.2210/pdb4gdn/pdb,10.2210/pdb4gdn/pdb,Structure of FmtA-like protein,crossref,openalex,OpenAlex,6,attempted_no_success_unlogged,,
doi:10.1016/b978-012361776-7/50008-5,10.1016/b978-012361776-7/50008-5,Membrane Protein Crystallization,crossref,elsevier,Elsevier,1,attempted_no_success_unlogged,,
doi:10.1016/b978-012361776-7/50008-5,10.1016/b978-012361776-7/50008-5,Membrane Protein Crystallization,crossref,europe_pmc,Europe PMC,2,attempted_no_success_unlogged,,
doi:10.1016/b978-012361776-7/50008-5,10.1016/b978-012361776-7/50008-5,Membrane Protein Crystallization,crossref,pmc,PMC,3,attempted_no_success_unlogged,,
doi:10.1016/b978-012361776-7/50008-5,10.1016/b978-012361776-7/50008-5,Membrane Protein Crystallization,crossref,semantic_scholar,Semantic Scholar,4,attempted_no_success_unlogged,,
doi:10.1016/b978-012361776-7/50008-5,10.1016/b978-012361776-7/50008-5,Membrane Protein Crystallization,crossref,unpaywall,Unpaywall,5,attempted_no_success_unlogged,,
doi:10.1016/b978-012361776-7/50008-5,10.1016/b978-012361776-7/50008-5,Membrane Protein Crystallization,crossref,openalex,OpenAlex,6,attempted_no_success_unlogged,,
doi:10.1036/1097-8542.yb110194,10.1036/1097-8542.yb110194,Protein crystallization,crossref,elsevier,Elsevier,1,attempted_no_success_unlogged,,
doi:10.1036/1097-8542.yb110194,10.1036/1097-8542.yb110194,Protein crystallization,crossref,europe_pmc,Europe PMC,2,attempted_no_success_unlogged,,
doi:10.1036/1097-8542.yb110194,10.1036/1097-8542.yb110194,Protein crystallization,crossref,pmc,PMC,3,attempted_no_success_unlogged,,
doi:10.1036/1097-8542.yb110194,10.1036/1097-8542.yb110194,Protein crystallization,crossref,semantic_scholar,Semantic Scholar,4,attempted_no_success_unlogged,,
doi:10.1036/1097-8542.yb110194,10.1036/1097-8542.yb110194,Protein crystallization,crossref,unpaywall,Unpaywall,5,attempted_no_success_unlogged,,
doi:10.1036/1097-8542.yb110194,10.1036/1097-8542.yb110194,Protein crystallization,crossref,openalex,OpenAlex,6,attempted_no_success_unlogged,,
doi:10.1186/1471-2180-10-173,10.1186/1471-2180-10-173,Genetic variation in Staphylococcus aureus surface and immune evasion genes is lineage associated: implications for vaccine design and host-pathogen interactions,openalex,elsevier,Elsevier,1,attempted_before_success_unlogged,,
doi:10.1186/1471-2180-10-173,10.1186/1471-2180-10-173,Genetic variation in Staphylococcus aureus surface and immune evasion genes is lineage associated: implications for vaccine design and host-pathogen interactions,openalex,europe_pmc,Europe PMC,2,success,4828.0,False
doi:10.1186/1471-2180-10-173,10.1186/1471-2180-10-173,Genetic variation in Staphylococcus aureus surface and immune evasion genes is lineage associated: implications for vaccine design and host-pathogen interactions,openalex,pmc,PMC,3,not_attempted_after_success,,
doi:10.1186/1471-2180-10-173,10.1186/1471-2180-10-173,Genetic variation in Staphylococcus aureus surface and immune evasion genes is lineage associated: implications for vaccine design and host-pathogen interactions,openalex,semantic_scholar,Semantic Scholar,4,not_attempted_after_success,,
doi:10.1186/1471-2180-10-173,10.1186/1471-2180-10-173,Genetic variation in Staphylococcus aureus surface and immune evasion genes is lineage associated: implications for vaccine design and host-pathogen interactions,openalex,unpaywall,Unpaywall,5,not_attempted_after_success,,
doi:10.1186/1471-2180-10-173,10.1186/1471-2180-10-173,Genetic variation in Staphylococcus aureus surface and immune evasion genes is lineage associated: implications for vaccine design and host-pathogen interactions,openalex,openalex,OpenAlex,6,not_attempted_after_success,,
doi:10.3390/microorganisms9071539,10.3390/microorganisms9071539,Application and Perspectives of MALDI–TOF Mass Spectrometry in Clinical Microbiology Laboratories,openalex,elsevier,Elsevier,1,attempted_before_success_unlogged,,
doi:10.3390/microorganisms9071539,10.3390/microorganisms9071539,Application and Perspectives of MALDI–TOF Mass Spectrometry in Clinical Microbiology Laboratories,openalex,europe_pmc,Europe PMC,2,success,4390.0,False
doi:10.3390/microorganisms9071539,10.3390/microorganisms9071539,Application and Perspectives of MALDI–TOF Mass Spectrometry in Clinical Microbiology Laboratories,openalex,pmc,PMC,3,not_attempted_after_success,,
doi:10.3390/microorganisms9071539,10.3390/microorganisms9071539,Application and Perspectives of MALDI–TOF Mass Spectrometry in Clinical Microbiology Laboratories,openalex,semantic_scholar,Semantic Scholar,4,not_attempted_after_success,,
doi:10.3390/microorganisms9071539,10.3390/microorganisms9071539,Application and Perspectives of MALDI–TOF Mass Spectrometry in Clinical Microbiology Laboratories,openalex,unpaywall,Unpaywall,5,not_attempted_after_success,,
doi:10.3390/microorganisms9071539,10.3390/microorganisms9071539,Application and Perspectives of MALDI–TOF Mass Spectrometry in Clinical Microbiology Laboratories,openalex,openalex,OpenAlex,6,not_attempted_after_success,,
doi:10.1101/cshperspect.a025221,10.1101/cshperspect.a025221,β-Lactam Resistance Mechanisms: Gram-Positive Bacteria and Mycobacterium tuberculosis,openalex,elsevier,Elsevier,1,attempted_before_success_unlogged,,
doi:10.1101/cshperspect.a025221,10.1101/cshperspect.a025221,β-Lactam Resistance Mechanisms: Gram-Positive Bacteria and Mycobacterium tuberculosis,openalex,europe_pmc,Europe PMC,2,attempted_before_success_unlogged,,
doi:10.1101/cshperspect.a025221,10.1101/cshperspect.a025221,β-Lactam Resistance Mechanisms: Gram-Positive Bacteria and Mycobacterium tuberculosis,openalex,pmc,PMC,3,attempted_before_success_unlogged,,
doi:10.1101/cshperspect.a025221,10.1101/cshperspect.a025221,β-Lactam Resistance Mechanisms: Gram-Positive Bacteria and Mycobacterium tuberculosis,openalex,semantic_scholar,Semantic Scholar,4,success,54547.0,False
doi:10.1101/cshperspect.a025221,10.1101/cshperspect.a025221,β-Lactam Resistance Mechanisms: Gram-Positive Bacteria and Mycobacterium tuberculosis,openalex,unpaywall,Unpaywall,5,not_attempted_after_success,,
doi:10.1101/cshperspect.a025221,10.1101/cshperspect.a025221,β-Lactam Resistance Mechanisms: Gram-Positive Bacteria and Mycobacterium tuberculosis,openalex,openalex,OpenAlex,6,not_attempted_after_success,,
doi:10.1007/s42250-025-01365-2,10.1007/s42250-025-01365-2,"Antibacterial Efficacy of (N, O)-Linked Cu-MOF: Experimental and Theoretical Insights",scopus,elsevier,Elsevier,1,attempted_before_success_unlogged,,
doi:10.1007/s42250-025-01365-2,10.1007/s42250-025-01365-2,"Antibacterial Efficacy of (N, O)-Linked Cu-MOF: Experimental and Theoretical Insights",scopus,europe_pmc,Europe PMC,2,attempted_before_success_unlogged,,
doi:10.1007/s42250-025-01365-2,10.1007/s42250-025-01365-2,"Antibacterial Efficacy of (N, O)-Linked Cu-MOF: Experimental and Theoretical Insights",scopus,pmc,PMC,3,attempted_before_success_unlogged,,
doi:10.1007/s42250-025-01365-2,10.1007/s42250-025-01365-2,"Antibacterial Efficacy of (N, O)-Linked Cu-MOF: Experimental and Theoretical Insights",scopus,semantic_scholar,Semantic Scholar,4,attempted_before_success_unlogged,,
doi:10.1007/s42250-025-01365-2,10.1007/s42250-025-01365-2,"Antibacterial Efficacy of (N, O)-Linked Cu-MOF: Experimental and Theoretical Insights",scopus,unpaywall,Unpaywall,5,attempted_before_success_unlogged,,
doi:10.1007/s42250-025-01365-2,10.1007/s42250-025-01365-2,"Antibacterial Efficacy of (N, O)-Linked Cu-MOF: Experimental and Theoretical Insights",scopus,openalex,OpenAlex,6,success,26719.0,False
doi:10.69857/joapr.v13i3.554,10.69857/joapr.v13i3.554,HARNESSING HYDROGEN-BONDING: ADVANCEMENTS AND APPLICATIONS IN PHARMACEUTICAL CO-CRYSTALLIZATION,scopus,elsevier,Elsevier,1,attempted_before_success_unlogged,,
doi:10.69857/joapr.v13i3.554,10.69857/joapr.v13i3.554,HARNESSING HYDROGEN-BONDING: ADVANCEMENTS AND APPLICATIONS IN PHARMACEUTICAL CO-CRYSTALLIZATION,scopus,europe_pmc,Europe PMC,2,attempted_before_success_unlogged,,
doi:10.69857/joapr.v13i3.554,10.69857/joapr.v13i3.554,HARNESSING HYDROGEN-BONDING: ADVANCEMENTS AND APPLICATIONS IN PHARMACEUTICAL CO-CRYSTALLIZATION,scopus,pmc,PMC,3,attempted_before_success_unlogged,,
doi:10.69857/joapr.v13i3.554,10.69857/joapr.v13i3.554,HARNESSING HYDROGEN-BONDING: ADVANCEMENTS AND APPLICATIONS IN PHARMACEUTICAL CO-CRYSTALLIZATION,scopus,semantic_scholar,Semantic Scholar,4,attempted_before_success_unlogged,,
doi:10.69857/joapr.v13i3.554,10.69857/joapr.v13i3.554,HARNESSING HYDROGEN-BONDING: ADVANCEMENTS AND APPLICATIONS IN PHARMACEUTICAL CO-CRYSTALLIZATION,scopus,unpaywall,Unpaywall,5,success,3844.0,False
doi:10.69857/joapr.v13i3.554,10.69857/joapr.v13i3.554,HARNESSING HYDROGEN-BONDING: ADVANCEMENTS AND APPLICATIONS IN PHARMACEUTICAL CO-CRYSTALLIZATION,scopus,openalex,OpenAlex,6,not_attempted_after_success,,
doi:10.1016/j.bbrc.2025.151358,10.1016/j.bbrc.2025.151358,"Synthesis, molecular dynamics simulation and antimicrobial activity of novel s-triazine clubbed with three different hybrid pharmacophores",scopus,elsevier,Elsevier,1,success,3937.0,False
doi:10.1016/j.bbrc.2025.151358,10.1016/j.bbrc.2025.151358,"Synthesis, molecular dynamics simulation and antimicrobial activity of novel s-triazine clubbed with three different hybrid pharmacophores",scopus,europe_pmc,Europe PMC,2,not_attempted_after_success,,
doi:10.1016/j.bbrc.2025.151358,10.1016/j.bbrc.2025.151358,"Synthesis, molecular dynamics simulation and antimicrobial activity of novel s-triazine clubbed with three different hybrid pharmacophores",scopus,pmc,PMC,3,not_attempted_after_success,,
doi:10.1016/j.bbrc.2025.151358,10.1016/j.bbrc.2025.151358,"Synthesis, molecular dynamics simulation and antimicrobial activity of novel s-triazine clubbed with three different hybrid pharmacophores",scopus,semantic_scholar,Semantic Scholar,4,not_attempted_after_success,,
doi:10.1016/j.bbrc.2025.151358,10.1016/j.bbrc.2025.151358,"Synthesis, molecular dynamics simulation and antimicrobial activity of novel s-triazine clubbed with three different hybrid pharmacophores",scopus,unpaywall,Unpaywall,5,not_attempted_after_success,,
doi:10.1016/j.bbrc.2025.151358,10.1016/j.bbrc.2025.151358,"Synthesis, molecular dynamics simulation and antimicrobial activity of novel s-triazine clubbed with three different hybrid pharmacophores",scopus,openalex,OpenAlex,6,not_attempted_after_success,,
doi:10.1128/mbio.02337-25,10.1128/mbio.02337-25,The Staphylococcus aureus esterase FmtA is essential for wall teichoic acid D-alanylation.,europe_pmc,elsevier,Elsevier,1,attempted_before_success_unlogged,,
doi:10.1128/mbio.02337-25,10.1128/mbio.02337-25,The Staphylococcus aureus esterase FmtA is essential for wall teichoic acid D-alanylation.,europe_pmc,europe_pmc,Europe PMC,2,success,6734.0,False
doi:10.1128/mbio.02337-25,10.1128/mbio.02337-25,The Staphylococcus aureus esterase FmtA is essential for wall teichoic acid D-alanylation.,europe_pmc,pmc,PMC,3,not_attempted_after_success,,
doi:10.1128/mbio.02337-25,10.1128/mbio.02337-25,The Staphylococcus aureus esterase FmtA is essential for wall teichoic acid D-alanylation.,europe_pmc,semantic_scholar,Semantic Scholar,4,not_attempted_after_success,,
doi:10.1128/mbio.02337-25,10.1128/mbio.02337-25,The Staphylococcus aureus esterase FmtA is essential for wall teichoic acid D-alanylation.,europe_pmc,unpaywall,Unpaywall,5,not_attempted_after_success,,
doi:10.1128/mbio.02337-25,10.1128/mbio.02337-25,The Staphylococcus aureus esterase FmtA is essential for wall teichoic acid D-alanylation.,europe_pmc,openalex,OpenAlex,6,not_attempted_after_success,,
doi:10.1038/s44259-025-00131-1,10.1038/s44259-025-00131-1,Enhanced resistance of metal sequestering agents by reconfiguration of the Staphylococcus aureus cell wall.,europe_pmc,elsevier,Elsevier,1,attempted_before_success_unlogged,,
doi:10.1038/s44259-025-00131-1,10.1038/s44259-025-00131-1,Enhanced resistance of metal sequestering agents by reconfiguration of the Staphylococcus aureus cell wall.,europe_pmc,europe_pmc,Europe PMC,2,success,3734.0,False
doi:10.1038/s44259-025-00131-1,10.1038/s44259-025-00131-1,Enhanced resistance of metal sequestering agents by reconfiguration of the Staphylococcus aureus cell wall.,europe_pmc,pmc,PMC,3,not_attempted_after_success,,
doi:10.1038/s44259-025-00131-1,10.1038/s44259-025-00131-1,Enhanced resistance of metal sequestering agents by reconfiguration of the Staphylococcus aureus cell wall.,europe_pmc,semantic_scholar,Semantic Scholar,4,not_attempted_after_success,,
doi:10.1038/s44259-025-00131-1,10.1038/s44259-025-00131-1,Enhanced resistance of metal sequestering agents by reconfiguration of the Staphylococcus aureus cell wall.,europe_pmc,unpaywall,Unpaywall,5,not_attempted_after_success,,
doi:10.1038/s44259-025-00131-1,10.1038/s44259-025-00131-1,Enhanced resistance of metal sequestering agents by reconfiguration of the Staphylococcus aureus cell wall.,europe_pmc,openalex,OpenAlex,6,not_attempted_after_success,,
doi:10.3390/applmicrobiol5010032,10.3390/applmicrobiol5010032,"Gallium Resistance in Staphylococcus aureus : Polymorphisms and Morphology Impacting Growth in Metals, Antibiotics and Polyfluorinated Compounds.",europe_pmc,elsevier,Elsevier,1,attempted_before_success_unlogged,,
doi:10.3390/applmicrobiol5010032,10.3390/applmicrobiol5010032,"Gallium Resistance in Staphylococcus aureus : Polymorphisms and Morphology Impacting Growth in Metals, Antibiotics and Polyfluorinated Compounds.",europe_pmc,europe_pmc,Europe PMC,2,success,5734.0,False
doi:10.3390/applmicrobiol5010032,10.3390/applmicrobiol5010032,"Gallium Resistance in Staphylococcus aureus : Polymorphisms and Morphology Impacting Growth in Metals, Antibiotics and Polyfluorinated Compounds.",europe_pmc,pmc,PMC,3,not_attempted_after_success,,
doi:10.3390/applmicrobiol5010032,10.3390/applmicrobiol5010032,"Gallium Resistance in Staphylococcus aureus : Polymorphisms and Morphology Impacting Growth in Metals, Antibiotics and Polyfluorinated Compounds.",europe_pmc,semantic_scholar,Semantic Scholar,4,not_attempted_after_success,,
doi:10.3390/applmicrobiol5010032,10.3390/applmicrobiol5010032,"Gallium Resistance in Staphylococcus aureus : Polymorphisms and Morphology Impacting Growth in Metals, Antibiotics and Polyfluorinated Compounds.",europe_pmc,unpaywall,Unpaywall,5,not_attempted_after_success,,
doi:10.3390/applmicrobiol5010032,10.3390/applmicrobiol5010032,"Gallium Resistance in Staphylococcus aureus : Polymorphisms and Morphology Impacting Growth in Metals, Antibiotics and Polyfluorinated Compounds.",europe_pmc,openalex,OpenAlex,6,not_attempted_after_success,,
doi:10.1007/s10930-020-09953-6,10.1007/s10930-020-09953-6,"Structure-Based Identification of Potential Drugs Against FmtA of Staphylococcus aureus: Virtual Screening, Molecular Dynamics, MM-GBSA, and QM/MM",openalex,elsevier,Elsevier,1,attempted_before_success_unlogged,,
doi:10.1007/s10930-020-09953-6,10.1007/s10930-020-09953-6,"Structure-Based Identification of Potential Drugs Against FmtA of Staphylococcus aureus: Virtual Screening, Molecular Dynamics, MM-GBSA, and QM/MM",openalex,europe_pmc,Europe PMC,2,attempted_before_success_unlogged,,
doi:10.1007/s10930-020-09953-6,10.1007/s10930-020-09953-6,"Structure-Based Identification of Potential Drugs Against FmtA of Staphylococcus aureus: Virtual Screening, Molecular Dynamics, MM-GBSA, and QM/MM",openalex,pmc,PMC,3,attempted_before_success_unlogged,,
doi:10.1007/s10930-020-09953-6,10.1007/s10930-020-09953-6,"Structure-Based Identification of Potential Drugs Against FmtA of Staphylococcus aureus: Virtual Screening, Molecular Dynamics, MM-GBSA, and QM/MM",openalex,semantic_scholar,Semantic Scholar,4,attempted_before_success_unlogged,,
doi:10.1007/s10930-020-09953-6,10.1007/s10930-020-09953-6,"Structure-Based Identification of Potential Drugs Against FmtA of Staphylococcus aureus: Virtual Screening, Molecular Dynamics, MM-GBSA, and QM/MM",openalex,unpaywall,Unpaywall,5,attempted_before_success_unlogged,,
doi:10.1007/s10930-020-09953-6,10.1007/s10930-020-09953-6,"Structure-Based Identification of Potential Drugs Against FmtA of Staphylococcus aureus: Virtual Screening, Molecular Dynamics, MM-GBSA, and QM/MM",openalex,openalex,OpenAlex,6,success,39875.0,False
doi:10.2210/pdb5zh8/pdb,10.2210/PDB5ZH8/PDB,Crystal Structure of FmtA from Staphylococcus aureus at 2.58 A,semantic_scholar,elsevier,Elsevier,1,attempted_no_success_unlogged,,
doi:10.2210/pdb5zh8/pdb,10.2210/PDB5ZH8/PDB,Crystal Structure of FmtA from Staphylococcus aureus at 2.58 A,semantic_scholar,europe_pmc,Europe PMC,2,attempted_no_success_unlogged,,
doi:10.2210/pdb5zh8/pdb,10.2210/PDB5ZH8/PDB,Crystal Structure of FmtA from Staphylococcus aureus at 2.58 A,semantic_scholar,pmc,PMC,3,attempted_no_success_unlogged,,
doi:10.2210/pdb5zh8/pdb,10.2210/PDB5ZH8/PDB,Crystal Structure of FmtA from Staphylococcus aureus at 2.58 A,semantic_scholar,semantic_scholar,Semantic Scholar,4,attempted_no_success_unlogged,,
doi:10.2210/pdb5zh8/pdb,10.2210/PDB5ZH8/PDB,Crystal Structure of FmtA from Staphylococcus aureus at 2.58 A,semantic_scholar,unpaywall,Unpaywall,5,attempted_no_success_unlogged,,
doi:10.2210/pdb5zh8/pdb,10.2210/PDB5ZH8/PDB,Crystal Structure of FmtA from Staphylococcus aureus at 2.58 A,semantic_scholar,openalex,OpenAlex,6,attempted_no_success_unlogged,,
doi:10.1016/j.amolm.2025.100076,10.1016/j.amolm.2025.100076,Antibacterial potential of Trichoderma bioactive metabolites in managing Staphylococcus aureus infection: Integrated molecular modeling approaches,elsevier,elsevier,Elsevier,1,success,3843.0,False
doi:10.1016/j.amolm.2025.100076,10.1016/j.amolm.2025.100076,Antibacterial potential of Trichoderma bioactive metabolites in managing Staphylococcus aureus infection: Integrated molecular modeling approaches,elsevier,europe_pmc,Europe PMC,2,not_attempted_after_success,,
doi:10.1016/j.amolm.2025.100076,10.1016/j.amolm.2025.100076,Antibacterial potential of Trichoderma bioactive metabolites in managing Staphylococcus aureus infection: Integrated molecular modeling approaches,elsevier,pmc,PMC,3,not_attempted_after_success,,
doi:10.1016/j.amolm.2025.100076,10.1016/j.amolm.2025.100076,Antibacterial potential of Trichoderma bioactive metabolites in managing Staphylococcus aureus infection: Integrated molecular modeling approaches,elsevier,semantic_scholar,Semantic Scholar,4,not_attempted_after_success,,
doi:10.1016/j.amolm.2025.100076,10.1016/j.amolm.2025.100076,Antibacterial potential of Trichoderma bioactive metabolites in managing Staphylococcus aureus infection: Integrated molecular modeling approaches,elsevier,unpaywall,Unpaywall,5,not_attempted_after_success,,
doi:10.1016/j.amolm.2025.100076,10.1016/j.amolm.2025.100076,Antibacterial potential of Trichoderma bioactive metabolites in managing Staphylococcus aureus infection: Integrated molecular modeling approaches,elsevier,openalex,OpenAlex,6,not_attempted_after_success,,
doi:10.1016/j.microb.2025.100499,10.1016/j.microb.2025.100499,The effect of Sri Lankan bee honey on wound infection and dysentery causing pathogens and its synergy with oxacillin against Methicillin Resistance Staphylococcus aureus,elsevier,elsevier,Elsevier,1,success,2531.0,False
doi:10.1016/j.microb.2025.100499,10.1016/j.microb.2025.100499,The effect of Sri Lankan bee honey on wound infection and dysentery causing pathogens and its synergy with oxacillin against Methicillin Resistance Staphylococcus aureus,elsevier,europe_pmc,Europe PMC,2,not_attempted_after_success,,
doi:10.1016/j.microb.2025.100499,10.1016/j.microb.2025.100499,The effect of Sri Lankan bee honey on wound infection and dysentery causing pathogens and its synergy with oxacillin against Methicillin Resistance Staphylococcus aureus,elsevier,pmc,PMC,3,not_attempted_after_success,,
doi:10.1016/j.microb.2025.100499,10.1016/j.microb.2025.100499,The effect of Sri Lankan bee honey on wound infection and dysentery causing pathogens and its synergy with oxacillin against Methicillin Resistance Staphylococcus aureus,elsevier,semantic_scholar,Semantic Scholar,4,not_attempted_after_success,,
doi:10.1016/j.microb.2025.100499,10.1016/j.microb.2025.100499,The effect of Sri Lankan bee honey on wound infection and dysentery causing pathogens and its synergy with oxacillin against Methicillin Resistance Staphylococcus aureus,elsevier,unpaywall,Unpaywall,5,not_attempted_after_success,,
doi:10.1016/j.microb.2025.100499,10.1016/j.microb.2025.100499,The effect of Sri Lankan bee honey on wound infection and dysentery causing pathogens and its synergy with oxacillin against Methicillin Resistance Staphylococcus aureus,elsevier,openalex,OpenAlex,6,not_attempted_after_success,,
doi:10.1021/acs.jcim.2c00057.s001,10.1021/acs.jcim.2c00057.s001,Quantum Mechanics/Molecular Mechanics Studies on the Catalytic Mechanism of a Novel Esterase (FmtA) of Staphylococcus aureus,crossref,elsevier,Elsevier,1,attempted_no_success_unlogged,,
doi:10.1021/acs.jcim.2c00057.s001,10.1021/acs.jcim.2c00057.s001,Quantum Mechanics/Molecular Mechanics Studies on the Catalytic Mechanism of a Novel Esterase (FmtA) of Staphylococcus aureus,crossref,europe_pmc,Europe PMC,2,attempted_no_success_unlogged,,
doi:10.1021/acs.jcim.2c00057.s001,10.1021/acs.jcim.2c00057.s001,Quantum Mechanics/Molecular Mechanics Studies on the Catalytic Mechanism of a Novel Esterase (FmtA) of Staphylococcus aureus,crossref,pmc,PMC,3,attempted_no_success_unlogged,,
doi:10.1021/acs.jcim.2c00057.s001,10.1021/acs.jcim.2c00057.s001,Quantum Mechanics/Molecular Mechanics Studies on the Catalytic Mechanism of a Novel Esterase (FmtA) of Staphylococcus aureus,crossref,semantic_scholar,Semantic Scholar,4,attempted_no_success_unlogged,,
doi:10.1021/acs.jcim.2c00057.s001,10.1021/acs.jcim.2c00057.s001,Quantum Mechanics/Molecular Mechanics Studies on the Catalytic Mechanism of a Novel Esterase (FmtA) of Staphylococcus aureus,crossref,unpaywall,Unpaywall,5,attempted_no_success_unlogged,,
doi:10.1021/acs.jcim.2c00057.s001,10.1021/acs.jcim.2c00057.s001,Quantum Mechanics/Molecular Mechanics Studies on the Catalytic Mechanism of a Novel Esterase (FmtA) of Staphylococcus aureus,crossref,openalex,OpenAlex,6,attempted_no_success_unlogged,,
doi:10.1016/s0378-1097(00)00194-4,10.1016/S0378-1097(00)00194-4,Identification of a fmtA -like gene that has similarity to other PBPs and β-lactamases in Staphylococcus aureus,elsevier,elsevier,Elsevier,1,success,1906.0,False
doi:10.1016/s0378-1097(00)00194-4,10.1016/S0378-1097(00)00194-4,Identification of a fmtA -like gene that has similarity to other PBPs and β-lactamases in Staphylococcus aureus,elsevier,europe_pmc,Europe PMC,2,not_attempted_after_success,,
doi:10.1016/s0378-1097(00)00194-4,10.1016/S0378-1097(00)00194-4,Identification of a fmtA -like gene that has similarity to other PBPs and β-lactamases in Staphylococcus aureus,elsevier,pmc,PMC,3,not_attempted_after_success,,
doi:10.1016/s0378-1097(00)00194-4,10.1016/S0378-1097(00)00194-4,Identification of a fmtA -like gene that has similarity to other PBPs and β-lactamases in Staphylococcus aureus,elsevier,semantic_scholar,Semantic Scholar,4,not_attempted_after_success,,
doi:10.1016/s0378-1097(00)00194-4,10.1016/S0378-1097(00)00194-4,Identification of a fmtA -like gene that has similarity to other PBPs and β-lactamases in Staphylococcus aureus,elsevier,unpaywall,Unpaywall,5,not_attempted_after_success,,
doi:10.1016/s0378-1097(00)00194-4,10.1016/S0378-1097(00)00194-4,Identification of a fmtA -like gene that has similarity to other PBPs and β-lactamases in Staphylococcus aureus,elsevier,openalex,OpenAlex,6,not_attempted_after_success,,
doi:10.1128/aac.43.9.2121,10.1128/aac.43.9.2121,"Characterization of fmtA , a Gene That Modulates the Expression of Methicillin Resistance in Staphylococcus aureus",openalex,elsevier,Elsevier,1,attempted_before_success_unlogged,,
doi:10.1128/aac.43.9.2121,10.1128/aac.43.9.2121,"Characterization of fmtA , a Gene That Modulates the Expression of Methicillin Resistance in Staphylococcus aureus",openalex,europe_pmc,Europe PMC,2,attempted_before_success_unlogged,,
doi:10.1128/aac.43.9.2121,10.1128/aac.43.9.2121,"Characterization of fmtA , a Gene That Modulates the Expression of Methicillin Resistance in Staphylococcus aureus",openalex,pmc,PMC,3,attempted_before_success_unlogged,,
doi:10.1128/aac.43.9.2121,10.1128/aac.43.9.2121,"Characterization of fmtA , a Gene That Modulates the Expression of Methicillin Resistance in Staphylococcus aureus",openalex,semantic_scholar,Semantic Scholar,4,attempted_before_success_unlogged,,
doi:10.1128/aac.43.9.2121,10.1128/aac.43.9.2121,"Characterization of fmtA , a Gene That Modulates the Expression of Methicillin Resistance in Staphylococcus aureus",openalex,unpaywall,Unpaywall,5,success,35500.0,False
doi:10.1128/aac.43.9.2121,10.1128/aac.43.9.2121,"Characterization of fmtA , a Gene That Modulates the Expression of Methicillin Resistance in Staphylococcus aureus",openalex,openalex,OpenAlex,6,not_attempted_after_success,,
doi:10.1016/j.jphotochem.2026.117208,10.1016/j.jphotochem.2026.117208,Unravelling the molecular interaction of ferulic acid with recombinant Nrf2 using fluorescence spectroscopy and MD simulation,scopus,elsevier,Elsevier,1,success,2922.0,False
doi:10.1016/j.jphotochem.2026.117208,10.1016/j.jphotochem.2026.117208,Unravelling the molecular interaction of ferulic acid with recombinant Nrf2 using fluorescence spectroscopy and MD simulation,scopus,europe_pmc,Europe PMC,2,not_attempted_after_success,,
doi:10.1016/j.jphotochem.2026.117208,10.1016/j.jphotochem.2026.117208,Unravelling the molecular interaction of ferulic acid with recombinant Nrf2 using fluorescence spectroscopy and MD simulation,scopus,pmc,PMC,3,not_attempted_after_success,,
doi:10.1016/j.jphotochem.2026.117208,10.1016/j.jphotochem.2026.117208,Unravelling the molecular interaction of ferulic acid with recombinant Nrf2 using fluorescence spectroscopy and MD simulation,scopus,semantic_scholar,Semantic Scholar,4,not_attempted_after_success,,
doi:10.1016/j.jphotochem.2026.117208,10.1016/j.jphotochem.2026.117208,Unravelling the molecular interaction of ferulic acid with recombinant Nrf2 using fluorescence spectroscopy and MD simulation,scopus,unpaywall,Unpaywall,5,not_attempted_after_success,,
doi:10.1016/j.jphotochem.2026.117208,10.1016/j.jphotochem.2026.117208,Unravelling the molecular interaction of ferulic acid with recombinant Nrf2 using fluorescence spectroscopy and MD simulation,scopus,openalex,OpenAlex,6,not_attempted_after_success,,
doi:10.1007/s11030-025-11155-0,10.1007/s11030-025-11155-0,Evaluating the ability of in silico identified hit compounds to bind Staphylococcus aureus LcpASA using steered molecular dynamics simulations,scopus,elsevier,Elsevier,1,attempted_before_success_unlogged,,
doi:10.1007/s11030-025-11155-0,10.1007/s11030-025-11155-0,Evaluating the ability of in silico identified hit compounds to bind Staphylococcus aureus LcpASA using steered molecular dynamics simulations,scopus,europe_pmc,Europe PMC,2,attempted_before_success_unlogged,,
doi:10.1007/s11030-025-11155-0,10.1007/s11030-025-11155-0,Evaluating the ability of in silico identified hit compounds to bind Staphylococcus aureus LcpASA using steered molecular dynamics simulations,scopus,pmc,PMC,3,attempted_before_success_unlogged,,
doi:10.1007/s11030-025-11155-0,10.1007/s11030-025-11155-0,Evaluating the ability of in silico identified hit compounds to bind Staphylococcus aureus LcpASA using steered molecular dynamics simulations,scopus,semantic_scholar,Semantic Scholar,4,attempted_before_success_unlogged,,
doi:10.1007/s11030-025-11155-0,10.1007/s11030-025-11155-0,Evaluating the ability of in silico identified hit compounds to bind Staphylococcus aureus LcpASA using steered molecular dynamics simulations,scopus,unpaywall,Unpaywall,5,attempted_before_success_unlogged,,
doi:10.1007/s11030-025-11155-0,10.1007/s11030-025-11155-0,Evaluating the ability of in silico identified hit compounds to bind Staphylococcus aureus LcpASA using steered molecular dynamics simulations,scopus,openalex,OpenAlex,6,success,51734.0,False
doi:scopus_id:105028652870,SCOPUS_ID:105028652870,Research progress on the inflammatory effects of the basic functional components of microorganisms in different environmental media.,scopus,elsevier,Elsevier,1,attempted_no_success_unlogged,,
doi:scopus_id:105028652870,SCOPUS_ID:105028652870,Research progress on the inflammatory effects of the basic functional components of microorganisms in different environmental media.,scopus,europe_pmc,Europe PMC,2,attempted_no_success_unlogged,,
doi:scopus_id:105028652870,SCOPUS_ID:105028652870,Research progress on the inflammatory effects of the basic functional components of microorganisms in different environmental media.,scopus,pmc,PMC,3,attempted_no_success_unlogged,,
doi:scopus_id:105028652870,SCOPUS_ID:105028652870,Research progress on the inflammatory effects of the basic functional components of microorganisms in different environmental media.,scopus,semantic_scholar,Semantic Scholar,4,attempted_no_success_unlogged,,
doi:scopus_id:105028652870,SCOPUS_ID:105028652870,Research progress on the inflammatory effects of the basic functional components of microorganisms in different environmental media.,scopus,unpaywall,Unpaywall,5,attempted_no_success_unlogged,,
doi:scopus_id:105028652870,SCOPUS_ID:105028652870,Research progress on the inflammatory effects of the basic functional components of microorganisms in different environmental media.,scopus,openalex,OpenAlex,6,attempted_no_success_unlogged,,
doi:10.3390/antibiotics14020112,10.3390/antibiotics14020112,The Secondary Resistome of Methicillin-Resistant Staphylococcus aureus to β-Lactam Antibiotics.,europe_pmc,elsevier,Elsevier,1,attempted_before_success_unlogged,,
doi:10.3390/antibiotics14020112,10.3390/antibiotics14020112,The Secondary Resistome of Methicillin-Resistant Staphylococcus aureus to β-Lactam Antibiotics.,europe_pmc,europe_pmc,Europe PMC,2,success,4968.0,False
doi:10.3390/antibiotics14020112,10.3390/antibiotics14020112,The Secondary Resistome of Methicillin-Resistant Staphylococcus aureus to β-Lactam Antibiotics.,europe_pmc,pmc,PMC,3,not_attempted_after_success,,
doi:10.3390/antibiotics14020112,10.3390/antibiotics14020112,The Secondary Resistome of Methicillin-Resistant Staphylococcus aureus to β-Lactam Antibiotics.,europe_pmc,semantic_scholar,Semantic Scholar,4,not_attempted_after_success,,
doi:10.3390/antibiotics14020112,10.3390/antibiotics14020112,The Secondary Resistome of Methicillin-Resistant Staphylococcus aureus to β-Lactam Antibiotics.,europe_pmc,unpaywall,Unpaywall,5,not_attempted_after_success,,
doi:10.3390/antibiotics14020112,10.3390/antibiotics14020112,The Secondary Resistome of Methicillin-Resistant Staphylococcus aureus to β-Lactam Antibiotics.,europe_pmc,openalex,OpenAlex,6,not_attempted_after_success,,
doi:10.1038/s41598-025-24255-6,10.1038/s41598-025-24255-6,Exploring the inhibition mechanisms of momordin Ic on S. aureus serine/threonine phosphatase (Stp1) using theoretical and experimental approaches.,europe_pmc,elsevier,Elsevier,1,attempted_before_success_unlogged,,
doi:10.1038/s41598-025-24255-6,10.1038/s41598-025-24255-6,Exploring the inhibition mechanisms of momordin Ic on S. aureus serine/threonine phosphatase (Stp1) using theoretical and experimental approaches.,europe_pmc,europe_pmc,Europe PMC,2,success,6797.0,False
doi:10.1038/s41598-025-24255-6,10.1038/s41598-025-24255-6,Exploring the inhibition mechanisms of momordin Ic on S. aureus serine/threonine phosphatase (Stp1) using theoretical and experimental approaches.,europe_pmc,pmc,PMC,3,not_attempted_after_success,,
doi:10.1038/s41598-025-24255-6,10.1038/s41598-025-24255-6,Exploring the inhibition mechanisms of momordin Ic on S. aureus serine/threonine phosphatase (Stp1) using theoretical and experimental approaches.,europe_pmc,semantic_scholar,Semantic Scholar,4,not_attempted_after_success,,
doi:10.1038/s41598-025-24255-6,10.1038/s41598-025-24255-6,Exploring the inhibition mechanisms of momordin Ic on S. aureus serine/threonine phosphatase (Stp1) using theoretical and experimental approaches.,europe_pmc,unpaywall,Unpaywall,5,not_attempted_after_success,,
doi:10.1038/s41598-025-24255-6,10.1038/s41598-025-24255-6,Exploring the inhibition mechanisms of momordin Ic on S. aureus serine/threonine phosphatase (Stp1) using theoretical and experimental approaches.,europe_pmc,openalex,OpenAlex,6,not_attempted_after_success,,
doi:10.1128/jb.182.6.1650-1658.2000,10.1128/JB.182.6.1650-1658.2000,Penicillin-Binding Protein-Related Factor A Is Required for Proper Chromosome Segregation in Bacillus subtilis,semantic_scholar,elsevier,Elsevier,1,attempted_before_success_unlogged,,
doi:10.1128/jb.182.6.1650-1658.2000,10.1128/JB.182.6.1650-1658.2000,Penicillin-Binding Protein-Related Factor A Is Required for Proper Chromosome Segregation in Bacillus subtilis,semantic_scholar,europe_pmc,Europe PMC,2,attempted_before_success_unlogged,,
doi:10.1128/jb.182.6.1650-1658.2000,10.1128/JB.182.6.1650-1658.2000,Penicillin-Binding Protein-Related Factor A Is Required for Proper Chromosome Segregation in Bacillus subtilis,semantic_scholar,pmc,PMC,3,attempted_before_success_unlogged,,
doi:10.1128/jb.182.6.1650-1658.2000,10.1128/JB.182.6.1650-1658.2000,Penicillin-Binding Protein-Related Factor A Is Required for Proper Chromosome Segregation in Bacillus subtilis,semantic_scholar,semantic_scholar,Semantic Scholar,4,attempted_before_success_unlogged,,
doi:10.1128/jb.182.6.1650-1658.2000,10.1128/JB.182.6.1650-1658.2000,Penicillin-Binding Protein-Related Factor A Is Required for Proper Chromosome Segregation in Bacillus subtilis,semantic_scholar,unpaywall,Unpaywall,5,success,2781.0,False
doi:10.1128/jb.182.6.1650-1658.2000,10.1128/JB.182.6.1650-1658.2000,Penicillin-Binding Protein-Related Factor A Is Required for Proper Chromosome Segregation in Bacillus subtilis,semantic_scholar,openalex,OpenAlex,6,not_attempted_after_success,,
doi:10.1038/s41598-024-59489-3,10.1038/s41598-024-59489-3,In silico exploration of phenolics as modulators of penicillin binding protein (PBP) 2× of Streptococcus pneumoniae,semantic_scholar,elsevier,Elsevier,1,attempted_before_success_unlogged,,
doi:10.1038/s41598-024-59489-3,10.1038/s41598-024-59489-3,In silico exploration of phenolics as modulators of penicillin binding protein (PBP) 2× of Streptococcus pneumoniae,semantic_scholar,europe_pmc,Europe PMC,2,success,4703.0,False
doi:10.1038/s41598-024-59489-3,10.1038/s41598-024-59489-3,In silico exploration of phenolics as modulators of penicillin binding protein (PBP) 2× of Streptococcus pneumoniae,semantic_scholar,pmc,PMC,3,not_attempted_after_success,,
doi:10.1038/s41598-024-59489-3,10.1038/s41598-024-59489-3,In silico exploration of phenolics as modulators of penicillin binding protein (PBP) 2× of Streptococcus pneumoniae,semantic_scholar,semantic_scholar,Semantic Scholar,4,not_attempted_after_success,,
doi:10.1038/s41598-024-59489-3,10.1038/s41598-024-59489-3,In silico exploration of phenolics as modulators of penicillin binding protein (PBP) 2× of Streptococcus pneumoniae,semantic_scholar,unpaywall,Unpaywall,5,not_attempted_after_success,,
doi:10.1038/s41598-024-59489-3,10.1038/s41598-024-59489-3,In silico exploration of phenolics as modulators of penicillin binding protein (PBP) 2× of Streptococcus pneumoniae,semantic_scholar,openalex,OpenAlex,6,not_attempted_after_success,,
doi:10.1039/d4sc04937c,10.1039/d4sc04937c,Structural basis of Pseudomonas aeruginosa penicillin binding protein 3 inhibition by the siderophore-antibiotic cefiderocol,semantic_scholar,elsevier,Elsevier,1,attempted_before_success_unlogged,,
doi:10.1039/d4sc04937c,10.1039/d4sc04937c,Structural basis of Pseudomonas aeruginosa penicillin binding protein 3 inhibition by the siderophore-antibiotic cefiderocol,semantic_scholar,europe_pmc,Europe PMC,2,success,5703.0,False
doi:10.1039/d4sc04937c,10.1039/d4sc04937c,Structural basis of Pseudomonas aeruginosa penicillin binding protein 3 inhibition by the siderophore-antibiotic cefiderocol,semantic_scholar,pmc,PMC,3,not_attempted_after_success,,
doi:10.1039/d4sc04937c,10.1039/d4sc04937c,Structural basis of Pseudomonas aeruginosa penicillin binding protein 3 inhibition by the siderophore-antibiotic cefiderocol,semantic_scholar,semantic_scholar,Semantic Scholar,4,not_attempted_after_success,,
doi:10.1039/d4sc04937c,10.1039/d4sc04937c,Structural basis of Pseudomonas aeruginosa penicillin binding protein 3 inhibition by the siderophore-antibiotic cefiderocol,semantic_scholar,unpaywall,Unpaywall,5,not_attempted_after_success,,
doi:10.1039/d4sc04937c,10.1039/d4sc04937c,Structural basis of Pseudomonas aeruginosa penicillin binding protein 3 inhibition by the siderophore-antibiotic cefiderocol,semantic_scholar,openalex,OpenAlex,6,not_attempted_after_success,,
doi:10.1016/j.jmgm.2022.108262,10.1016/j.jmgm.2022.108262,In-silico functional and structural annotation of hypothetical protein from Klebsiella pneumonia: A potential drug target,elsevier,elsevier,Elsevier,1,success,4047.0,False
doi:10.1016/j.jmgm.2022.108262,10.1016/j.jmgm.2022.108262,In-silico functional and structural annotation of hypothetical protein from Klebsiella pneumonia: A potential drug target,elsevier,europe_pmc,Europe PMC,2,not_attempted_after_success,,
doi:10.1016/j.jmgm.2022.108262,10.1016/j.jmgm.2022.108262,In-silico functional and structural annotation of hypothetical protein from Klebsiella pneumonia: A potential drug target,elsevier,pmc,PMC,3,not_attempted_after_success,,
doi:10.1016/j.jmgm.2022.108262,10.1016/j.jmgm.2022.108262,In-silico functional and structural annotation of hypothetical protein from Klebsiella pneumonia: A potential drug target,elsevier,semantic_scholar,Semantic Scholar,4,not_attempted_after_success,,
doi:10.1016/j.jmgm.2022.108262,10.1016/j.jmgm.2022.108262,In-silico functional and structural annotation of hypothetical protein from Klebsiella pneumonia: A potential drug target,elsevier,unpaywall,Unpaywall,5,not_attempted_after_success,,
doi:10.1016/j.jmgm.2022.108262,10.1016/j.jmgm.2022.108262,In-silico functional and structural annotation of hypothetical protein from Klebsiella pneumonia: A potential drug target,elsevier,openalex,OpenAlex,6,not_attempted_after_success,,
doi:10.1016/j.nucmedbio.2015.09.008,10.1016/j.nucmedbio.2015.09.008,Development of novel PET probes targeting phosphatidylinositol 3-kinase (PI3K) in tumors,elsevier,elsevier,Elsevier,1,success,4812.0,False
doi:10.1016/j.nucmedbio.2015.09.008,10.1016/j.nucmedbio.2015.09.008,Development of novel PET probes targeting phosphatidylinositol 3-kinase (PI3K) in tumors,elsevier,europe_pmc,Europe PMC,2,not_attempted_after_success,,
doi:10.1016/j.nucmedbio.2015.09.008,10.1016/j.nucmedbio.2015.09.008,Development of novel PET probes targeting phosphatidylinositol 3-kinase (PI3K) in tumors,elsevier,pmc,PMC,3,not_attempted_after_success,,
doi:10.1016/j.nucmedbio.2015.09.008,10.1016/j.nucmedbio.2015.09.008,Development of novel PET probes targeting phosphatidylinositol 3-kinase (PI3K) in tumors,elsevier,semantic_scholar,Semantic Scholar,4,not_attempted_after_success,,
doi:10.1016/j.nucmedbio.2015.09.008,10.1016/j.nucmedbio.2015.09.008,Development of novel PET probes targeting phosphatidylinositol 3-kinase (PI3K) in tumors,elsevier,unpaywall,Unpaywall,5,not_attempted_after_success,,
doi:10.1016/j.nucmedbio.2015.09.008,10.1016/j.nucmedbio.2015.09.008,Development of novel PET probes targeting phosphatidylinositol 3-kinase (PI3K) in tumors,elsevier,openalex,OpenAlex,6,not_attempted_after_success,,
doi:10.1016/0378-1097(91)90498-y,10.1016/0378-1097(91)90498-y,Detection of penicillin-binding proteins immunologically related to penicillin-binding protein 5 of Enterococcus hirae ATCC 9790 in Enterococcus faecium and Enterococcus faecalis,crossref,elsevier,Elsevier,1,attempted_no_success_unlogged,,
doi:10.1016/0378-1097(91)90498-y,10.1016/0378-1097(91)90498-y,Detection of penicillin-binding proteins immunologically related to penicillin-binding protein 5 of Enterococcus hirae ATCC 9790 in Enterococcus faecium and Enterococcus faecalis,crossref,europe_pmc,Europe PMC,2,attempted_no_success_unlogged,,
doi:10.1016/0378-1097(91)90498-y,10.1016/0378-1097(91)90498-y,Detection of penicillin-binding proteins immunologically related to penicillin-binding protein 5 of Enterococcus hirae ATCC 9790 in Enterococcus faecium and Enterococcus faecalis,crossref,pmc,PMC,3,attempted_no_success_unlogged,,
doi:10.1016/0378-1097(91)90498-y,10.1016/0378-1097(91)90498-y,Detection of penicillin-binding proteins immunologically related to penicillin-binding protein 5 of Enterococcus hirae ATCC 9790 in Enterococcus faecium and Enterococcus faecalis,crossref,semantic_scholar,Semantic Scholar,4,attempted_no_success_unlogged,,
doi:10.1016/0378-1097(91)90498-y,10.1016/0378-1097(91)90498-y,Detection of penicillin-binding proteins immunologically related to penicillin-binding protein 5 of Enterococcus hirae ATCC 9790 in Enterococcus faecium and Enterococcus faecalis,crossref,unpaywall,Unpaywall,5,attempted_no_success_unlogged,,
doi:10.1016/0378-1097(91)90498-y,10.1016/0378-1097(91)90498-y,Detection of penicillin-binding proteins immunologically related to penicillin-binding protein 5 of Enterococcus hirae ATCC 9790 in Enterococcus faecium and Enterococcus faecalis,crossref,openalex,OpenAlex,6,attempted_no_success_unlogged,,
doi:10.1007/3-540-29832-0_1225,10.1007/3-540-29832-0_1225,Penicillin-binding Protein,crossref,elsevier,Elsevier,1,attempted_before_success_unlogged,,
doi:10.1007/3-540-29832-0_1225,10.1007/3-540-29832-0_1225,Penicillin-binding Protein,crossref,europe_pmc,Europe PMC,2,attempted_before_success_unlogged,,
doi:10.1007/3-540-29832-0_1225,10.1007/3-540-29832-0_1225,Penicillin-binding Protein,crossref,pmc,PMC,3,attempted_before_success_unlogged,,
doi:10.1007/3-540-29832-0_1225,10.1007/3-540-29832-0_1225,Penicillin-binding Protein,crossref,semantic_scholar,Semantic Scholar,4,success,58953.0,False
doi:10.1007/3-540-29832-0_1225,10.1007/3-540-29832-0_1225,Penicillin-binding Protein,crossref,unpaywall,Unpaywall,5,not_attempted_after_success,,
doi:10.1007/3-540-29832-0_1225,10.1007/3-540-29832-0_1225,Penicillin-binding Protein,crossref,openalex,OpenAlex,6,not_attempted_after_success,,
doi:10.1371/journal.pone.0010146,10.1371/journal.pone.0010146,Identification of Genes Involved in Polysaccharide-Independent Staphylococcus aureus Biofilm Formation,openalex,elsevier,Elsevier,1,attempted_before_success_unlogged,,
doi:10.1371/journal.pone.0010146,10.1371/journal.pone.0010146,Identification of Genes Involved in Polysaccharide-Independent Staphylococcus aureus Biofilm Formation,openalex,europe_pmc,Europe PMC,2,success,8218.0,False
doi:10.1371/journal.pone.0010146,10.1371/journal.pone.0010146,Identification of Genes Involved in Polysaccharide-Independent Staphylococcus aureus Biofilm Formation,openalex,pmc,PMC,3,not_attempted_after_success,,
doi:10.1371/journal.pone.0010146,10.1371/journal.pone.0010146,Identification of Genes Involved in Polysaccharide-Independent Staphylococcus aureus Biofilm Formation,openalex,semantic_scholar,Semantic Scholar,4,not_attempted_after_success,,
doi:10.1371/journal.pone.0010146,10.1371/journal.pone.0010146,Identification of Genes Involved in Polysaccharide-Independent Staphylococcus aureus Biofilm Formation,openalex,unpaywall,Unpaywall,5,not_attempted_after_success,,
doi:10.1371/journal.pone.0010146,10.1371/journal.pone.0010146,Identification of Genes Involved in Polysaccharide-Independent Staphylococcus aureus Biofilm Formation,openalex,openalex,OpenAlex,6,not_attempted_after_success,,
doi:10.1073/pnas.1209126109,10.1073/pnas.1209126109,Methicillin resistance in Staphylococcus aureus requires glycosylated wall teichoic acids,openalex,elsevier,Elsevier,1,attempted_before_success_unlogged,,
doi:10.1073/pnas.1209126109,10.1073/pnas.1209126109,Methicillin resistance in Staphylococcus aureus requires glycosylated wall teichoic acids,openalex,europe_pmc,Europe PMC,2,attempted_before_success_unlogged,,
doi:10.1073/pnas.1209126109,10.1073/pnas.1209126109,Methicillin resistance in Staphylococcus aureus requires glycosylated wall teichoic acids,openalex,pmc,PMC,3,attempted_before_success_unlogged,,
doi:10.1073/pnas.1209126109,10.1073/pnas.1209126109,Methicillin resistance in Staphylococcus aureus requires glycosylated wall teichoic acids,openalex,semantic_scholar,Semantic Scholar,4,attempted_before_success_unlogged,,
doi:10.1073/pnas.1209126109,10.1073/pnas.1209126109,Methicillin resistance in Staphylococcus aureus requires glycosylated wall teichoic acids,openalex,unpaywall,Unpaywall,5,success,27453.0,False
doi:10.1073/pnas.1209126109,10.1073/pnas.1209126109,Methicillin resistance in Staphylococcus aureus requires glycosylated wall teichoic acids,openalex,openalex,OpenAlex,6,not_attempted_after_success,,
doi:10.1038/s41467-020-15966-7,10.1038/s41467-020-15966-7,Intracellular Staphylococcus aureus persisters upon antibiotic exposure,openalex,elsevier,Elsevier,1,attempted_before_success_unlogged,,
doi:10.1038/s41467-020-15966-7,10.1038/s41467-020-15966-7,Intracellular Staphylococcus aureus persisters upon antibiotic exposure,openalex,europe_pmc,Europe PMC,2,success,6703.0,False
doi:10.1038/s41467-020-15966-7,10.1038/s41467-020-15966-7,Intracellular Staphylococcus aureus persisters upon antibiotic exposure,openalex,pmc,PMC,3,not_attempted_after_success,,
doi:10.1038/s41467-020-15966-7,10.1038/s41467-020-15966-7,Intracellular Staphylococcus aureus persisters upon antibiotic exposure,openalex,semantic_scholar,Semantic Scholar,4,not_attempted_after_success,,
doi:10.1038/s41467-020-15966-7,10.1038/s41467-020-15966-7,Intracellular Staphylococcus aureus persisters upon antibiotic exposure,openalex,unpaywall,Unpaywall,5,not_attempted_after_success,,
doi:10.1038/s41467-020-15966-7,10.1038/s41467-020-15966-7,Intracellular Staphylococcus aureus persisters upon antibiotic exposure,openalex,openalex,OpenAlex,6,not_attempted_after_success,,
doi:10.1021/acsomega.4c06520,10.1021/acsomega.4c06520,"Structural, CSD, Molecular Docking, Molecular Dynamics, and Hirshfeld Surface Analysis of a New Mesogen, Methyl-4-(5-(4-(octyloxy)phenyl)-1,2,4-oxadiazol-3-yl)benzoate.",europe_pmc,elsevier,Elsevier,1,attempted_before_success_unlogged,,
doi:10.1021/acsomega.4c06520,10.1021/acsomega.4c06520,"Structural, CSD, Molecular Docking, Molecular Dynamics, and Hirshfeld Surface Analysis of a New Mesogen, Methyl-4-(5-(4-(octyloxy)phenyl)-1,2,4-oxadiazol-3-yl)benzoate.",europe_pmc,europe_pmc,Europe PMC,2,success,1843.0,False
doi:10.1021/acsomega.4c06520,10.1021/acsomega.4c06520,"Structural, CSD, Molecular Docking, Molecular Dynamics, and Hirshfeld Surface Analysis of a New Mesogen, Methyl-4-(5-(4-(octyloxy)phenyl)-1,2,4-oxadiazol-3-yl)benzoate.",europe_pmc,pmc,PMC,3,not_attempted_after_success,,
doi:10.1021/acsomega.4c06520,10.1021/acsomega.4c06520,"Structural, CSD, Molecular Docking, Molecular Dynamics, and Hirshfeld Surface Analysis of a New Mesogen, Methyl-4-(5-(4-(octyloxy)phenyl)-1,2,4-oxadiazol-3-yl)benzoate.",europe_pmc,semantic_scholar,Semantic Scholar,4,not_attempted_after_success,,
doi:10.1021/acsomega.4c06520,10.1021/acsomega.4c06520,"Structural, CSD, Molecular Docking, Molecular Dynamics, and Hirshfeld Surface Analysis of a New Mesogen, Methyl-4-(5-(4-(octyloxy)phenyl)-1,2,4-oxadiazol-3-yl)benzoate.",europe_pmc,unpaywall,Unpaywall,5,not_attempted_after_success,,
doi:10.1021/acsomega.4c06520,10.1021/acsomega.4c06520,"Structural, CSD, Molecular Docking, Molecular Dynamics, and Hirshfeld Surface Analysis of a New Mesogen, Methyl-4-(5-(4-(octyloxy)phenyl)-1,2,4-oxadiazol-3-yl)benzoate.",europe_pmc,openalex,OpenAlex,6,not_attempted_after_success,,
doi:10.3390/ma18051148,10.3390/ma18051148,Effect of Heat Input on Microstructural Evolution and Impact Toughness of the Simulated CGHAZ for a Novel Q690 MPa V-N Medium and Heavy Plate.,europe_pmc,elsevier,Elsevier,1,attempted_before_success_unlogged,,
doi:10.3390/ma18051148,10.3390/ma18051148,Effect of Heat Input on Microstructural Evolution and Impact Toughness of the Simulated CGHAZ for a Novel Q690 MPa V-N Medium and Heavy Plate.,europe_pmc,europe_pmc,Europe PMC,2,success,4890.0,False
doi:10.3390/ma18051148,10.3390/ma18051148,Effect of Heat Input on Microstructural Evolution and Impact Toughness of the Simulated CGHAZ for a Novel Q690 MPa V-N Medium and Heavy Plate.,europe_pmc,pmc,PMC,3,not_attempted_after_success,,
doi:10.3390/ma18051148,10.3390/ma18051148,Effect of Heat Input on Microstructural Evolution and Impact Toughness of the Simulated CGHAZ for a Novel Q690 MPa V-N Medium and Heavy Plate.,europe_pmc,semantic_scholar,Semantic Scholar,4,not_attempted_after_success,,
doi:10.3390/ma18051148,10.3390/ma18051148,Effect of Heat Input on Microstructural Evolution and Impact Toughness of the Simulated CGHAZ for a Novel Q690 MPa V-N Medium and Heavy Plate.,europe_pmc,unpaywall,Unpaywall,5,not_attempted_after_success,,
doi:10.3390/ma18051148,10.3390/ma18051148,Effect of Heat Input on Microstructural Evolution and Impact Toughness of the Simulated CGHAZ for a Novel Q690 MPa V-N Medium and Heavy Plate.,europe_pmc,openalex,OpenAlex,6,not_attempted_after_success,,
doi:10.1021/acs.cgd.4c01594,10.1021/acs.cgd.4c01594,Revealing the Crystal Structure of the Purine Base Xanthine with Three-Dimensional (3D) Electron Diffraction,semantic_scholar,elsevier,Elsevier,1,attempted_before_success_unlogged,,
doi:10.1021/acs.cgd.4c01594,10.1021/acs.cgd.4c01594,Revealing the Crystal Structure of the Purine Base Xanthine with Three-Dimensional (3D) Electron Diffraction,semantic_scholar,europe_pmc,Europe PMC,2,success,6687.0,False
doi:10.1021/acs.cgd.4c01594,10.1021/acs.cgd.4c01594,Revealing the Crystal Structure of the Purine Base Xanthine with Three-Dimensional (3D) Electron Diffraction,semantic_scholar,pmc,PMC,3,not_attempted_after_success,,
doi:10.1021/acs.cgd.4c01594,10.1021/acs.cgd.4c01594,Revealing the Crystal Structure of the Purine Base Xanthine with Three-Dimensional (3D) Electron Diffraction,semantic_scholar,semantic_scholar,Semantic Scholar,4,not_attempted_after_success,,
doi:10.1021/acs.cgd.4c01594,10.1021/acs.cgd.4c01594,Revealing the Crystal Structure of the Purine Base Xanthine with Three-Dimensional (3D) Electron Diffraction,semantic_scholar,unpaywall,Unpaywall,5,not_attempted_after_success,,
doi:10.1021/acs.cgd.4c01594,10.1021/acs.cgd.4c01594,Revealing the Crystal Structure of the Purine Base Xanthine with Three-Dimensional (3D) Electron Diffraction,semantic_scholar,openalex,OpenAlex,6,not_attempted_after_success,,
doi:10.1107/s2052520623008740,10.1107/S2052520623008740,"A high-pressure single-crystal X-ray diffraction study of potassium guaninate hydrate, K+·C5H4N5O-·H2O.",semantic_scholar,elsevier,Elsevier,1,attempted_no_success_unlogged,,
doi:10.1107/s2052520623008740,10.1107/S2052520623008740,"A high-pressure single-crystal X-ray diffraction study of potassium guaninate hydrate, K+·C5H4N5O-·H2O.",semantic_scholar,europe_pmc,Europe PMC,2,attempted_no_success_unlogged,,
doi:10.1107/s2052520623008740,10.1107/S2052520623008740,"A high-pressure single-crystal X-ray diffraction study of potassium guaninate hydrate, K+·C5H4N5O-·H2O.",semantic_scholar,pmc,PMC,3,attempted_no_success_unlogged,,
doi:10.1107/s2052520623008740,10.1107/S2052520623008740,"A high-pressure single-crystal X-ray diffraction study of potassium guaninate hydrate, K+·C5H4N5O-·H2O.",semantic_scholar,semantic_scholar,Semantic Scholar,4,attempted_no_success_unlogged,,
doi:10.1107/s2052520623008740,10.1107/S2052520623008740,"A high-pressure single-crystal X-ray diffraction study of potassium guaninate hydrate, K+·C5H4N5O-·H2O.",semantic_scholar,unpaywall,Unpaywall,5,attempted_no_success_unlogged,,
doi:10.1107/s2052520623008740,10.1107/S2052520623008740,"A high-pressure single-crystal X-ray diffraction study of potassium guaninate hydrate, K+·C5H4N5O-·H2O.",semantic_scholar,openalex,OpenAlex,6,attempted_no_success_unlogged,,
doi:10.1017/s0885715622000604,10.1017/S0885715622000604,Crystal structure and X-ray powder diffraction data for ruxolitinib,semantic_scholar,elsevier,Elsevier,1,attempted_before_success_unlogged,,
doi:10.1017/s0885715622000604,10.1017/S0885715622000604,Crystal structure and X-ray powder diffraction data for ruxolitinib,semantic_scholar,europe_pmc,Europe PMC,2,attempted_before_success_unlogged,,
doi:10.1017/s0885715622000604,10.1017/S0885715622000604,Crystal structure and X-ray powder diffraction data for ruxolitinib,semantic_scholar,pmc,PMC,3,attempted_before_success_unlogged,,
doi:10.1017/s0885715622000604,10.1017/S0885715622000604,Crystal structure and X-ray powder diffraction data for ruxolitinib,semantic_scholar,semantic_scholar,Semantic Scholar,4,attempted_before_success_unlogged,,
doi:10.1017/s0885715622000604,10.1017/S0885715622000604,Crystal structure and X-ray powder diffraction data for ruxolitinib,semantic_scholar,unpaywall,Unpaywall,5,attempted_before_success_unlogged,,
doi:10.1017/s0885715622000604,10.1017/S0885715622000604,Crystal structure and X-ray powder diffraction data for ruxolitinib,semantic_scholar,openalex,OpenAlex,6,success,29531.0,False
doi:10.1016/j.cej.2025.163574,10.1016/j.cej.2025.163574,Pyramid array evaporators: Synergizing solar evaporation and thermoelectric effects for sustainable water purification and energy harvesting,elsevier,elsevier,Elsevier,1,success,2765.0,False
doi:10.1016/j.cej.2025.163574,10.1016/j.cej.2025.163574,Pyramid array evaporators: Synergizing solar evaporation and thermoelectric effects for sustainable water purification and energy harvesting,elsevier,europe_pmc,Europe PMC,2,not_attempted_after_success,,
doi:10.1016/j.cej.2025.163574,10.1016/j.cej.2025.163574,Pyramid array evaporators: Synergizing solar evaporation and thermoelectric effects for sustainable water purification and energy harvesting,elsevier,pmc,PMC,3,not_attempted_after_success,,
doi:10.1016/j.cej.2025.163574,10.1016/j.cej.2025.163574,Pyramid array evaporators: Synergizing solar evaporation and thermoelectric effects for sustainable water purification and energy harvesting,elsevier,semantic_scholar,Semantic Scholar,4,not_attempted_after_success,,
doi:10.1016/j.cej.2025.163574,10.1016/j.cej.2025.163574,Pyramid array evaporators: Synergizing solar evaporation and thermoelectric effects for sustainable water purification and energy harvesting,elsevier,unpaywall,Unpaywall,5,not_attempted_after_success,,
doi:10.1016/j.cej.2025.163574,10.1016/j.cej.2025.163574,Pyramid array evaporators: Synergizing solar evaporation and thermoelectric effects for sustainable water purification and energy harvesting,elsevier,openalex,OpenAlex,6,not_attempted_after_success,,
doi:10.1093/oso/9780199576340.003.0011,10.1093/oso/9780199576340.003.0011,Diffraction,crossref,elsevier,Elsevier,1,attempted_no_success_unlogged,,
doi:10.1093/oso/9780199576340.003.0011,10.1093/oso/9780199576340.003.0011,Diffraction,crossref,europe_pmc,Europe PMC,2,attempted_no_success_unlogged,,
doi:10.1093/oso/9780199576340.003.0011,10.1093/oso/9780199576340.003.0011,Diffraction,crossref,pmc,PMC,3,attempted_no_success_unlogged,,
doi:10.1093/oso/9780199576340.003.0011,10.1093/oso/9780199576340.003.0011,Diffraction,crossref,semantic_scholar,Semantic Scholar,4,attempted_no_success_unlogged,,
doi:10.1093/oso/9780199576340.003.0011,10.1093/oso/9780199576340.003.0011,Diffraction,crossref,unpaywall,Unpaywall,5,attempted_no_success_unlogged,,
doi:10.1093/oso/9780199576340.003.0011,10.1093/oso/9780199576340.003.0011,Diffraction,crossref,openalex,OpenAlex,6,attempted_no_success_unlogged,,
doi:10.1371/journal.ppat.1006067,10.1371/journal.ppat.1006067,"Structure and Mechanism of Staphylococcus aureus TarS, the Wall Teichoic Acid β-glycosyltransferase Involved in Methicillin Resistance",openalex,elsevier,Elsevier,1,attempted_before_success_unlogged,,
doi:10.1371/journal.ppat.1006067,10.1371/journal.ppat.1006067,"Structure and Mechanism of Staphylococcus aureus TarS, the Wall Teichoic Acid β-glycosyltransferase Involved in Methicillin Resistance",openalex,europe_pmc,Europe PMC,2,success,3718.0,False
doi:10.1371/journal.ppat.1006067,10.1371/journal.ppat.1006067,"Structure and Mechanism of Staphylococcus aureus TarS, the Wall Teichoic Acid β-glycosyltransferase Involved in Methicillin Resistance",openalex,pmc,PMC,3,not_attempted_after_success,,
doi:10.1371/journal.ppat.1006067,10.1371/journal.ppat.1006067,"Structure and Mechanism of Staphylococcus aureus TarS, the Wall Teichoic Acid β-glycosyltransferase Involved in Methicillin Resistance",openalex,semantic_scholar,Semantic Scholar,4,not_attempted_after_success,,
doi:10.1371/journal.ppat.1006067,10.1371/journal.ppat.1006067,"Structure and Mechanism of Staphylococcus aureus TarS, the Wall Teichoic Acid β-glycosyltransferase Involved in Methicillin Resistance",openalex,unpaywall,Unpaywall,5,not_attempted_after_success,,
doi:10.1371/journal.ppat.1006067,10.1371/journal.ppat.1006067,"Structure and Mechanism of Staphylococcus aureus TarS, the Wall Teichoic Acid β-glycosyltransferase Involved in Methicillin Resistance",openalex,openalex,OpenAlex,6,not_attempted_after_success,,
doi:10.1038/s41598-020-58138-9,10.1038/s41598-020-58138-9,Structural characterization and in-silico analysis of Momordica charantia 7S globulin for stability and ACE inhibition,openalex,elsevier,Elsevier,1,attempted_before_success_unlogged,,
doi:10.1038/s41598-020-58138-9,10.1038/s41598-020-58138-9,Structural characterization and in-silico analysis of Momordica charantia 7S globulin for stability and ACE inhibition,openalex,europe_pmc,Europe PMC,2,success,6656.0,False
doi:10.1038/s41598-020-58138-9,10.1038/s41598-020-58138-9,Structural characterization and in-silico analysis of Momordica charantia 7S globulin for stability and ACE inhibition,openalex,pmc,PMC,3,not_attempted_after_success,,
doi:10.1038/s41598-020-58138-9,10.1038/s41598-020-58138-9,Structural characterization and in-silico analysis of Momordica charantia 7S globulin for stability and ACE inhibition,openalex,semantic_scholar,Semantic Scholar,4,not_attempted_after_success,,
doi:10.1038/s41598-020-58138-9,10.1038/s41598-020-58138-9,Structural characterization and in-silico analysis of Momordica charantia 7S globulin for stability and ACE inhibition,openalex,unpaywall,Unpaywall,5,not_attempted_after_success,,
doi:10.1038/s41598-020-58138-9,10.1038/s41598-020-58138-9,Structural characterization and in-silico analysis of Momordica charantia 7S globulin for stability and ACE inhibition,openalex,openalex,OpenAlex,6,not_attempted_after_success,,
doi:10.1371/journal.ppat.1005585,10.1371/journal.ppat.1005585,Chemical Genetic Analysis and Functional Characterization of Staphylococcal Wall Teichoic Acid 2-Epimerases Reveals Unconventional Antibiotic Drug Targets,openalex,elsevier,Elsevier,1,attempted_before_success_unlogged,,
doi:10.1371/journal.ppat.1005585,10.1371/journal.ppat.1005585,Chemical Genetic Analysis and Functional Characterization of Staphylococcal Wall Teichoic Acid 2-Epimerases Reveals Unconventional Antibiotic Drug Targets,openalex,europe_pmc,Europe PMC,2,success,6812.0,False
doi:10.1371/journal.ppat.1005585,10.1371/journal.ppat.1005585,Chemical Genetic Analysis and Functional Characterization of Staphylococcal Wall Teichoic Acid 2-Epimerases Reveals Unconventional Antibiotic Drug Targets,openalex,pmc,PMC,3,not_attempted_after_success,,
doi:10.1371/journal.ppat.1005585,10.1371/journal.ppat.1005585,Chemical Genetic Analysis and Functional Characterization of Staphylococcal Wall Teichoic Acid 2-Epimerases Reveals Unconventional Antibiotic Drug Targets,openalex,semantic_scholar,Semantic Scholar,4,not_attempted_after_success,,
doi:10.1371/journal.ppat.1005585,10.1371/journal.ppat.1005585,Chemical Genetic Analysis and Functional Characterization of Staphylococcal Wall Teichoic Acid 2-Epimerases Reveals Unconventional Antibiotic Drug Targets,openalex,unpaywall,Unpaywall,5,not_attempted_after_success,,
doi:10.1371/journal.ppat.1005585,10.1371/journal.ppat.1005585,Chemical Genetic Analysis and Functional Characterization of Staphylococcal Wall Teichoic Acid 2-Epimerases Reveals Unconventional Antibiotic Drug Targets,openalex,openalex,OpenAlex,6,not_attempted_after_success,,
doi:10.1002/cmdc.202500244,10.1002/cmdc.202500244,Proton First: Rationalizing a Proton Transfer in a Protein-Fragment Complex,scopus,elsevier,Elsevier,1,attempted_before_success_unlogged,,
doi:10.1002/cmdc.202500244,10.1002/cmdc.202500244,Proton First: Rationalizing a Proton Transfer in a Protein-Fragment Complex,scopus,europe_pmc,Europe PMC,2,success,5781.0,False
doi:10.1002/cmdc.202500244,10.1002/cmdc.202500244,Proton First: Rationalizing a Proton Transfer in a Protein-Fragment Complex,scopus,pmc,PMC,3,not_attempted_after_success,,
doi:10.1002/cmdc.202500244,10.1002/cmdc.202500244,Proton First: Rationalizing a Proton Transfer in a Protein-Fragment Complex,scopus,semantic_scholar,Semantic Scholar,4,not_attempted_after_success,,
doi:10.1002/cmdc.202500244,10.1002/cmdc.202500244,Proton First: Rationalizing a Proton Transfer in a Protein-Fragment Complex,scopus,unpaywall,Unpaywall,5,not_attempted_after_success,,
doi:10.1002/cmdc.202500244,10.1002/cmdc.202500244,Proton First: Rationalizing a Proton Transfer in a Protein-Fragment Complex,scopus,openalex,OpenAlex,6,not_attempted_after_success,,
doi:10.1080/07391102.2024.2443126,10.1080/07391102.2024.2443126,"In silico screening of dicoumarols as potential Mur B enzyme inhibitors in Mycobacterium tuberculosis: molecular docking, ADME, QSAR and MD simulations",scopus,elsevier,Elsevier,1,attempted_no_success_unlogged,,
doi:10.1080/07391102.2024.2443126,10.1080/07391102.2024.2443126,"In silico screening of dicoumarols as potential Mur B enzyme inhibitors in Mycobacterium tuberculosis: molecular docking, ADME, QSAR and MD simulations",scopus,europe_pmc,Europe PMC,2,attempted_no_success_unlogged,,
doi:10.1080/07391102.2024.2443126,10.1080/07391102.2024.2443126,"In silico screening of dicoumarols as potential Mur B enzyme inhibitors in Mycobacterium tuberculosis: molecular docking, ADME, QSAR and MD simulations",scopus,pmc,PMC,3,attempted_no_success_unlogged,,
doi:10.1080/07391102.2024.2443126,10.1080/07391102.2024.2443126,"In silico screening of dicoumarols as potential Mur B enzyme inhibitors in Mycobacterium tuberculosis: molecular docking, ADME, QSAR and MD simulations",scopus,semantic_scholar,Semantic Scholar,4,attempted_no_success_unlogged,,
doi:10.1080/07391102.2024.2443126,10.1080/07391102.2024.2443126,"In silico screening of dicoumarols as potential Mur B enzyme inhibitors in Mycobacterium tuberculosis: molecular docking, ADME, QSAR and MD simulations",scopus,unpaywall,Unpaywall,5,attempted_no_success_unlogged,,
doi:10.1080/07391102.2024.2443126,10.1080/07391102.2024.2443126,"In silico screening of dicoumarols as potential Mur B enzyme inhibitors in Mycobacterium tuberculosis: molecular docking, ADME, QSAR and MD simulations",scopus,openalex,OpenAlex,6,attempted_no_success_unlogged,,
doi:10.1128/mbio.02070-15,10.1128/mBio.02070-15,The Staphylococcus aureus Methicillin Resistance Factor FmtA Is a d-Amino Esterase That Acts on Teichoic Acids,semantic_scholar,elsevier,Elsevier,1,attempted_before_success_unlogged,,
doi:10.1128/mbio.02070-15,10.1128/mBio.02070-15,The Staphylococcus aureus Methicillin Resistance Factor FmtA Is a d-Amino Esterase That Acts on Teichoic Acids,semantic_scholar,europe_pmc,Europe PMC,2,success,4953.0,False
doi:10.1128/mbio.02070-15,10.1128/mBio.02070-15,The Staphylococcus aureus Methicillin Resistance Factor FmtA Is a d-Amino Esterase That Acts on Teichoic Acids,semantic_scholar,pmc,PMC,3,not_attempted_after_success,,
doi:10.1128/mbio.02070-15,10.1128/mBio.02070-15,The Staphylococcus aureus Methicillin Resistance Factor FmtA Is a d-Amino Esterase That Acts on Teichoic Acids,semantic_scholar,semantic_scholar,Semantic Scholar,4,not_attempted_after_success,,
doi:10.1128/mbio.02070-15,10.1128/mBio.02070-15,The Staphylococcus aureus Methicillin Resistance Factor FmtA Is a d-Amino Esterase That Acts on Teichoic Acids,semantic_scholar,unpaywall,Unpaywall,5,not_attempted_after_success,,
doi:10.1128/mbio.02070-15,10.1128/mBio.02070-15,The Staphylococcus aureus Methicillin Resistance Factor FmtA Is a d-Amino Esterase That Acts on Teichoic Acids,semantic_scholar,openalex,OpenAlex,6,not_attempted_after_success,,
doi:10.1371/journal.pone.0043998,10.1371/journal.pone.0043998,Staphylococcus aureus Methicillin-Resistance Factor fmtA Is Regulated by the Global Regulator SarA,semantic_scholar,elsevier,Elsevier,1,attempted_before_success_unlogged,,
doi:10.1371/journal.pone.0043998,10.1371/journal.pone.0043998,Staphylococcus aureus Methicillin-Resistance Factor fmtA Is Regulated by the Global Regulator SarA,semantic_scholar,europe_pmc,Europe PMC,2,success,5734.0,False
doi:10.1371/journal.pone.0043998,10.1371/journal.pone.0043998,Staphylococcus aureus Methicillin-Resistance Factor fmtA Is Regulated by the Global Regulator SarA,semantic_scholar,pmc,PMC,3,not_attempted_after_success,,
doi:10.1371/journal.pone.0043998,10.1371/journal.pone.0043998,Staphylococcus aureus Methicillin-Resistance Factor fmtA Is Regulated by the Global Regulator SarA,semantic_scholar,semantic_scholar,Semantic Scholar,4,not_attempted_after_success,,
doi:10.1371/journal.pone.0043998,10.1371/journal.pone.0043998,Staphylococcus aureus Methicillin-Resistance Factor fmtA Is Regulated by the Global Regulator SarA,semantic_scholar,unpaywall,Unpaywall,5,not_attempted_after_success,,
doi:10.1371/journal.pone.0043998,10.1371/journal.pone.0043998,Staphylococcus aureus Methicillin-Resistance Factor fmtA Is Regulated by the Global Regulator SarA,semantic_scholar,openalex,OpenAlex,6,not_attempted_after_success,,
doi:10.1074/jbc.m706296200,10.1074/jbc.M706296200,Diversity of Penicillin-binding Proteins,elsevier,elsevier,Elsevier,1,attempted_no_success_unlogged,,
doi:10.1074/jbc.m706296200,10.1074/jbc.M706296200,Diversity of Penicillin-binding Proteins,elsevier,europe_pmc,Europe PMC,2,attempted_no_success_unlogged,,
doi:10.1074/jbc.m706296200,10.1074/jbc.M706296200,Diversity of Penicillin-binding Proteins,elsevier,pmc,PMC,3,attempted_no_success_unlogged,,
doi:10.1074/jbc.m706296200,10.1074/jbc.M706296200,Diversity of Penicillin-binding Proteins,elsevier,semantic_scholar,Semantic Scholar,4,attempted_no_success_unlogged,,
doi:10.1074/jbc.m706296200,10.1074/jbc.M706296200,Diversity of Penicillin-binding Proteins,elsevier,unpaywall,Unpaywall,5,attempted_no_success_unlogged,,
doi:10.1074/jbc.m706296200,10.1074/jbc.M706296200,Diversity of Penicillin-binding Proteins,elsevier,openalex,OpenAlex,6,attempted_no_success_unlogged,,
doi:10.3410/f.726135701.793521683,10.3410/f.726135701.793521683,Faculty Opinions recommendation of The Staphylococcus aureus Methicillin Resistance Factor FmtA Is a d-Amino Esterase That Acts on Teichoic Acids.,crossref,elsevier,Elsevier,1,attempted_no_success_unlogged,,
doi:10.3410/f.726135701.793521683,10.3410/f.726135701.793521683,Faculty Opinions recommendation of The Staphylococcus aureus Methicillin Resistance Factor FmtA Is a d-Amino Esterase That Acts on Teichoic Acids.,crossref,europe_pmc,Europe PMC,2,attempted_no_success_unlogged,,
doi:10.3410/f.726135701.793521683,10.3410/f.726135701.793521683,Faculty Opinions recommendation of The Staphylococcus aureus Methicillin Resistance Factor FmtA Is a d-Amino Esterase That Acts on Teichoic Acids.,crossref,pmc,PMC,3,attempted_no_success_unlogged,,
doi:10.3410/f.726135701.793521683,10.3410/f.726135701.793521683,Faculty Opinions recommendation of The Staphylococcus aureus Methicillin Resistance Factor FmtA Is a d-Amino Esterase That Acts on Teichoic Acids.,crossref,semantic_scholar,Semantic Scholar,4,attempted_no_success_unlogged,,
doi:10.3410/f.726135701.793521683,10.3410/f.726135701.793521683,Faculty Opinions recommendation of The Staphylococcus aureus Methicillin Resistance Factor FmtA Is a d-Amino Esterase That Acts on Teichoic Acids.,crossref,unpaywall,Unpaywall,5,attempted_no_success_unlogged,,
doi:10.3410/f.726135701.793521683,10.3410/f.726135701.793521683,Faculty Opinions recommendation of The Staphylococcus aureus Methicillin Resistance Factor FmtA Is a d-Amino Esterase That Acts on Teichoic Acids.,crossref,openalex,OpenAlex,6,attempted_no_success_unlogged,,
doi:10.2174/0122113525388954250603114510,10.2174/0122113525388954250603114510,"Methicillin-Resistant Staphylococcus epidermidis (MRSE): An Updated Narrative Review on its Epidemiology, Resistance Mechanisms, and Emerging Treatment Strategies",scopus,elsevier,Elsevier,1,attempted_no_success_unlogged,,
doi:10.2174/0122113525388954250603114510,10.2174/0122113525388954250603114510,"Methicillin-Resistant Staphylococcus epidermidis (MRSE): An Updated Narrative Review on its Epidemiology, Resistance Mechanisms, and Emerging Treatment Strategies",scopus,europe_pmc,Europe PMC,2,attempted_no_success_unlogged,,
doi:10.2174/0122113525388954250603114510,10.2174/0122113525388954250603114510,"Methicillin-Resistant Staphylococcus epidermidis (MRSE): An Updated Narrative Review on its Epidemiology, Resistance Mechanisms, and Emerging Treatment Strategies",scopus,pmc,PMC,3,attempted_no_success_unlogged,,
doi:10.2174/0122113525388954250603114510,10.2174/0122113525388954250603114510,"Methicillin-Resistant Staphylococcus epidermidis (MRSE): An Updated Narrative Review on its Epidemiology, Resistance Mechanisms, and Emerging Treatment Strategies",scopus,semantic_scholar,Semantic Scholar,4,attempted_no_success_unlogged,,
doi:10.2174/0122113525388954250603114510,10.2174/0122113525388954250603114510,"Methicillin-Resistant Staphylococcus epidermidis (MRSE): An Updated Narrative Review on its Epidemiology, Resistance Mechanisms, and Emerging Treatment Strategies",scopus,unpaywall,Unpaywall,5,attempted_no_success_unlogged,,
doi:10.2174/0122113525388954250603114510,10.2174/0122113525388954250603114510,"Methicillin-Resistant Staphylococcus epidermidis (MRSE): An Updated Narrative Review on its Epidemiology, Resistance Mechanisms, and Emerging Treatment Strategies",scopus,openalex,OpenAlex,6,attempted_no_success_unlogged,,
doi:10.1186/s12866-019-1529-0,10.1186/s12866-019-1529-0,The dimerization interface in VraR is essential for induction of the cell wall stress response in Staphylococcus aureus: a potential druggable target.,europe_pmc,elsevier,Elsevier,1,attempted_before_success_unlogged,,
doi:10.1186/s12866-019-1529-0,10.1186/s12866-019-1529-0,The dimerization interface in VraR is essential for induction of the cell wall stress response in Staphylococcus aureus: a potential druggable target.,europe_pmc,europe_pmc,Europe PMC,2,success,3047.0,False
doi:10.1186/s12866-019-1529-0,10.1186/s12866-019-1529-0,The dimerization interface in VraR is essential for induction of the cell wall stress response in Staphylococcus aureus: a potential druggable target.,europe_pmc,pmc,PMC,3,not_attempted_after_success,,
doi:10.1186/s12866-019-1529-0,10.1186/s12866-019-1529-0,The dimerization interface in VraR is essential for induction of the cell wall stress response in Staphylococcus aureus: a potential druggable target.,europe_pmc,semantic_scholar,Semantic Scholar,4,not_attempted_after_success,,
doi:10.1186/s12866-019-1529-0,10.1186/s12866-019-1529-0,The dimerization interface in VraR is essential for induction of the cell wall stress response in Staphylococcus aureus: a potential druggable target.,europe_pmc,unpaywall,Unpaywall,5,not_attempted_after_success,,
doi:10.1186/s12866-019-1529-0,10.1186/s12866-019-1529-0,The dimerization interface in VraR is essential for induction of the cell wall stress response in Staphylococcus aureus: a potential druggable target.,europe_pmc,openalex,OpenAlex,6,not_attempted_after_success,,
doi:10.3389/fcimb.2025.1686699,10.3389/fcimb.2025.1686699,Isoliquiritigenin Attenuates Staphylococcus aureus Adhesion and Invasion to Counteract Staphylococcus aureus Pathogenicity and Infection.,europe_pmc,elsevier,Elsevier,1,attempted_before_success_unlogged,,
doi:10.3389/fcimb.2025.1686699,10.3389/fcimb.2025.1686699,Isoliquiritigenin Attenuates Staphylococcus aureus Adhesion and Invasion to Counteract Staphylococcus aureus Pathogenicity and Infection.,europe_pmc,europe_pmc,Europe PMC,2,success,3265.0,False
doi:10.3389/fcimb.2025.1686699,10.3389/fcimb.2025.1686699,Isoliquiritigenin Attenuates Staphylococcus aureus Adhesion and Invasion to Counteract Staphylococcus aureus Pathogenicity and Infection.,europe_pmc,pmc,PMC,3,not_attempted_after_success,,
doi:10.3389/fcimb.2025.1686699,10.3389/fcimb.2025.1686699,Isoliquiritigenin Attenuates Staphylococcus aureus Adhesion and Invasion to Counteract Staphylococcus aureus Pathogenicity and Infection.,europe_pmc,semantic_scholar,Semantic Scholar,4,not_attempted_after_success,,
doi:10.3389/fcimb.2025.1686699,10.3389/fcimb.2025.1686699,Isoliquiritigenin Attenuates Staphylococcus aureus Adhesion and Invasion to Counteract Staphylococcus aureus Pathogenicity and Infection.,europe_pmc,unpaywall,Unpaywall,5,not_attempted_after_success,,
doi:10.3389/fcimb.2025.1686699,10.3389/fcimb.2025.1686699,Isoliquiritigenin Attenuates Staphylococcus aureus Adhesion and Invasion to Counteract Staphylococcus aureus Pathogenicity and Infection.,europe_pmc,openalex,OpenAlex,6,not_attempted_after_success,,
doi:10.1107/s0108767383000586,10.1107/s0108767383000586,International tables for X-ray crystallography,semantic_scholar,elsevier,Elsevier,1,attempted_before_success_unlogged,,
doi:10.1107/s0108767383000586,10.1107/s0108767383000586,International tables for X-ray crystallography,semantic_scholar,europe_pmc,Europe PMC,2,attempted_before_success_unlogged,,
doi:10.1107/s0108767383000586,10.1107/s0108767383000586,International tables for X-ray crystallography,semantic_scholar,pmc,PMC,3,attempted_before_success_unlogged,,
doi:10.1107/s0108767383000586,10.1107/s0108767383000586,International tables for X-ray crystallography,semantic_scholar,semantic_scholar,Semantic Scholar,4,attempted_before_success_unlogged,,
doi:10.1107/s0108767383000586,10.1107/s0108767383000586,International tables for X-ray crystallography,semantic_scholar,unpaywall,Unpaywall,5,attempted_before_success_unlogged,,
doi:10.1107/s0108767383000586,10.1107/s0108767383000586,International tables for X-ray crystallography,semantic_scholar,openalex,OpenAlex,6,success,28421.0,False
doi:10.1038/nprot.2008.91,10.1038/nprot.2008.91,Automated macromolecular model building for X-ray crystallography using ARP/wARP version 7,semantic_scholar,elsevier,Elsevier,1,attempted_before_success_unlogged,,
doi:10.1038/nprot.2008.91,10.1038/nprot.2008.91,Automated macromolecular model building for X-ray crystallography using ARP/wARP version 7,semantic_scholar,europe_pmc,Europe PMC,2,attempted_before_success_unlogged,,
doi:10.1038/nprot.2008.91,10.1038/nprot.2008.91,Automated macromolecular model building for X-ray crystallography using ARP/wARP version 7,semantic_scholar,pmc,PMC,3,attempted_before_success_unlogged,,
doi:10.1038/nprot.2008.91,10.1038/nprot.2008.91,Automated macromolecular model building for X-ray crystallography using ARP/wARP version 7,semantic_scholar,semantic_scholar,Semantic Scholar,4,attempted_before_success_unlogged,,
doi:10.1038/nprot.2008.91,10.1038/nprot.2008.91,Automated macromolecular model building for X-ray crystallography using ARP/wARP version 7,semantic_scholar,unpaywall,Unpaywall,5,success,15422.0,False
doi:10.1038/nprot.2008.91,10.1038/nprot.2008.91,Automated macromolecular model building for X-ray crystallography using ARP/wARP version 7,semantic_scholar,openalex,OpenAlex,6,not_attempted_after_success,,
doi:10.1016/j.micpath.2025.107691,10.1016/j.micpath.2025.107691,"Decoding virulence and resistance in Klebsiella pneumoniae : Pharmacological insights, immunological dynamics, and in silico therapeutic strategies",elsevier,elsevier,Elsevier,1,success,2406.0,False
doi:10.1016/j.micpath.2025.107691,10.1016/j.micpath.2025.107691,"Decoding virulence and resistance in Klebsiella pneumoniae : Pharmacological insights, immunological dynamics, and in silico therapeutic strategies",elsevier,europe_pmc,Europe PMC,2,not_attempted_after_success,,
doi:10.1016/j.micpath.2025.107691,10.1016/j.micpath.2025.107691,"Decoding virulence and resistance in Klebsiella pneumoniae : Pharmacological insights, immunological dynamics, and in silico therapeutic strategies",elsevier,pmc,PMC,3,not_attempted_after_success,,
doi:10.1016/j.micpath.2025.107691,10.1016/j.micpath.2025.107691,"Decoding virulence and resistance in Klebsiella pneumoniae : Pharmacological insights, immunological dynamics, and in silico therapeutic strategies",elsevier,semantic_scholar,Semantic Scholar,4,not_attempted_after_success,,
doi:10.1016/j.micpath.2025.107691,10.1016/j.micpath.2025.107691,"Decoding virulence and resistance in Klebsiella pneumoniae : Pharmacological insights, immunological dynamics, and in silico therapeutic strategies",elsevier,unpaywall,Unpaywall,5,not_attempted_after_success,,
doi:10.1016/j.micpath.2025.107691,10.1016/j.micpath.2025.107691,"Decoding virulence and resistance in Klebsiella pneumoniae : Pharmacological insights, immunological dynamics, and in silico therapeutic strategies",elsevier,openalex,OpenAlex,6,not_attempted_after_success,,
doi:10.1016/0022-2836(75)90212-0,10.1016/0022-2836(75)90212-0,Molecular structure determination by electron microscopy of unstained crystalline specimens,elsevier,elsevier,Elsevier,1,attempted_no_success_unlogged,,
doi:10.1016/0022-2836(75)90212-0,10.1016/0022-2836(75)90212-0,Molecular structure determination by electron microscopy of unstained crystalline specimens,elsevier,europe_pmc,Europe PMC,2,attempted_no_success_unlogged,,
doi:10.1016/0022-2836(75)90212-0,10.1016/0022-2836(75)90212-0,Molecular structure determination by electron microscopy of unstained crystalline specimens,elsevier,pmc,PMC,3,attempted_no_success_unlogged,,
doi:10.1016/0022-2836(75)90212-0,10.1016/0022-2836(75)90212-0,Molecular structure determination by electron microscopy of unstained crystalline specimens,elsevier,semantic_scholar,Semantic Scholar,4,attempted_no_success_unlogged,,
doi:10.1016/0022-2836(75)90212-0,10.1016/0022-2836(75)90212-0,Molecular structure determination by electron microscopy of unstained crystalline specimens,elsevier,unpaywall,Unpaywall,5,attempted_no_success_unlogged,,
doi:10.1016/0022-2836(75)90212-0,10.1016/0022-2836(75)90212-0,Molecular structure determination by electron microscopy of unstained crystalline specimens,elsevier,openalex,OpenAlex,6,attempted_no_success_unlogged,,
doi:10.1093/hesc/9780198700975.003.0001,10.1093/hesc/9780198700975.003.0001,Fundamentals of X-ray crystallography,crossref,elsevier,Elsevier,1,attempted_no_success_unlogged,,
doi:10.1093/hesc/9780198700975.003.0001,10.1093/hesc/9780198700975.003.0001,Fundamentals of X-ray crystallography,crossref,europe_pmc,Europe PMC,2,attempted_no_success_unlogged,,
doi:10.1093/hesc/9780198700975.003.0001,10.1093/hesc/9780198700975.003.0001,Fundamentals of X-ray crystallography,crossref,pmc,PMC,3,attempted_no_success_unlogged,,
doi:10.1093/hesc/9780198700975.003.0001,10.1093/hesc/9780198700975.003.0001,Fundamentals of X-ray crystallography,crossref,semantic_scholar,Semantic Scholar,4,attempted_no_success_unlogged,,
doi:10.1093/hesc/9780198700975.003.0001,10.1093/hesc/9780198700975.003.0001,Fundamentals of X-ray crystallography,crossref,unpaywall,Unpaywall,5,attempted_no_success_unlogged,,
doi:10.1093/hesc/9780198700975.003.0001,10.1093/hesc/9780198700975.003.0001,Fundamentals of X-ray crystallography,crossref,openalex,OpenAlex,6,attempted_no_success_unlogged,,
doi:10.1093/hesc/9780198700975.003.0002,10.1093/hesc/9780198700975.003.0002,X-ray crystallography in practice,crossref,elsevier,Elsevier,1,attempted_no_success_unlogged,,
doi:10.1093/hesc/9780198700975.003.0002,10.1093/hesc/9780198700975.003.0002,X-ray crystallography in practice,crossref,europe_pmc,Europe PMC,2,attempted_no_success_unlogged,,
doi:10.1093/hesc/9780198700975.003.0002,10.1093/hesc/9780198700975.003.0002,X-ray crystallography in practice,crossref,pmc,PMC,3,attempted_no_success_unlogged,,
doi:10.1093/hesc/9780198700975.003.0002,10.1093/hesc/9780198700975.003.0002,X-ray crystallography in practice,crossref,semantic_scholar,Semantic Scholar,4,attempted_no_success_unlogged,,
doi:10.1093/hesc/9780198700975.003.0002,10.1093/hesc/9780198700975.003.0002,X-ray crystallography in practice,crossref,unpaywall,Unpaywall,5,attempted_no_success_unlogged,,
doi:10.1093/hesc/9780198700975.003.0002,10.1093/hesc/9780198700975.003.0002,X-ray crystallography in practice,crossref,openalex,OpenAlex,6,attempted_no_success_unlogged,,
doi:10.1038/srep26455,10.1038/srep26455,An essential role for the baseplate protein Gp45 in phage adsorption to Staphylococcus aureus,openalex,elsevier,Elsevier,1,attempted_before_success_unlogged,,
doi:10.1038/srep26455,10.1038/srep26455,An essential role for the baseplate protein Gp45 in phage adsorption to Staphylococcus aureus,openalex,europe_pmc,Europe PMC,2,success,7656.0,False
doi:10.1038/srep26455,10.1038/srep26455,An essential role for the baseplate protein Gp45 in phage adsorption to Staphylococcus aureus,openalex,pmc,PMC,3,not_attempted_after_success,,
doi:10.1038/srep26455,10.1038/srep26455,An essential role for the baseplate protein Gp45 in phage adsorption to Staphylococcus aureus,openalex,semantic_scholar,Semantic Scholar,4,not_attempted_after_success,,
doi:10.1038/srep26455,10.1038/srep26455,An essential role for the baseplate protein Gp45 in phage adsorption to Staphylococcus aureus,openalex,unpaywall,Unpaywall,5,not_attempted_after_success,,
doi:10.1038/srep26455,10.1038/srep26455,An essential role for the baseplate protein Gp45 in phage adsorption to Staphylococcus aureus,openalex,openalex,OpenAlex,6,not_attempted_after_success,,
doi:10.1038/s41467-025-58202-w,10.1038/s41467-025-58202-w,Cryo-EM analyses unveil details of mechanism and targocil-II mediated inhibition of S. aureus WTA transporter TarGH,scopus,elsevier,Elsevier,1,attempted_before_success_unlogged,,
doi:10.1038/s41467-025-58202-w,10.1038/s41467-025-58202-w,Cryo-EM analyses unveil details of mechanism and targocil-II mediated inhibition of S. aureus WTA transporter TarGH,scopus,europe_pmc,Europe PMC,2,success,8172.0,False
doi:10.1038/s41467-025-58202-w,10.1038/s41467-025-58202-w,Cryo-EM analyses unveil details of mechanism and targocil-II mediated inhibition of S. aureus WTA transporter TarGH,scopus,pmc,PMC,3,not_attempted_after_success,,
doi:10.1038/s41467-025-58202-w,10.1038/s41467-025-58202-w,Cryo-EM analyses unveil details of mechanism and targocil-II mediated inhibition of S. aureus WTA transporter TarGH,scopus,semantic_scholar,Semantic Scholar,4,not_attempted_after_success,,
doi:10.1038/s41467-025-58202-w,10.1038/s41467-025-58202-w,Cryo-EM analyses unveil details of mechanism and targocil-II mediated inhibition of S. aureus WTA transporter TarGH,scopus,unpaywall,Unpaywall,5,not_attempted_after_success,,
doi:10.1038/s41467-025-58202-w,10.1038/s41467-025-58202-w,Cryo-EM analyses unveil details of mechanism and targocil-II mediated inhibition of S. aureus WTA transporter TarGH,scopus,openalex,OpenAlex,6,not_attempted_after_success,,
doi:10.1002/prot.26845,10.1002/prot.26845,Novel Insights Into the Dynamic Conformational Transitions and Active Site Plasticity of Human Immunoregulatory Cathepsin S,scopus,elsevier,Elsevier,1,attempted_no_success_unlogged,,
doi:10.1002/prot.26845,10.1002/prot.26845,Novel Insights Into the Dynamic Conformational Transitions and Active Site Plasticity of Human Immunoregulatory Cathepsin S,scopus,europe_pmc,Europe PMC,2,attempted_no_success_unlogged,,
doi:10.1002/prot.26845,10.1002/prot.26845,Novel Insights Into the Dynamic Conformational Transitions and Active Site Plasticity of Human Immunoregulatory Cathepsin S,scopus,pmc,PMC,3,attempted_no_success_unlogged,,
doi:10.1002/prot.26845,10.1002/prot.26845,Novel Insights Into the Dynamic Conformational Transitions and Active Site Plasticity of Human Immunoregulatory Cathepsin S,scopus,semantic_scholar,Semantic Scholar,4,attempted_no_success_unlogged,,
doi:10.1002/prot.26845,10.1002/prot.26845,Novel Insights Into the Dynamic Conformational Transitions and Active Site Plasticity of Human Immunoregulatory Cathepsin S,scopus,unpaywall,Unpaywall,5,attempted_no_success_unlogged,,
doi:10.1002/prot.26845,10.1002/prot.26845,Novel Insights Into the Dynamic Conformational Transitions and Active Site Plasticity of Human Immunoregulatory Cathepsin S,scopus,openalex,OpenAlex,6,attempted_no_success_unlogged,,
